Datetime,Acao,Open,High,Low,Close,Volume,Retorno,Preco_Normalizado
2026-07-24 10:00:00-03:00,PETR4.SA,42.369998931884766,42.400001525878906,42.150001525878906,42.33000183105469,0,,100.0
2026-07-24 10:05:00-03:00,PETR4.SA,42.349998474121094,42.45000076293945,42.29999923706055,42.36000061035156,281700,0.07086883533953259,100.07086883533954
2026-07-24 10:10:00-03:00,PETR4.SA,42.349998474121094,42.470001220703125,42.34000015258789,42.470001220703125,182100,0.2596803795245517,100.33073324732467
2026-07-24 10:15:00-03:00,PETR4.SA,42.470001220703125,42.5099983215332,42.400001525878906,42.4900016784668,628100,0.047093141485299306,100.37798214148606
2026-07-24 10:20:00-03:00,PETR4.SA,42.470001220703125,42.5,42.400001525878906,42.41999816894531,315900,-0.16475289893189693,100.21260650601862
2026-07-24 10:25:00-03:00,PETR4.SA,42.41999816894531,42.45000076293945,42.380001068115234,42.45000076293945,178900,0.07072747592926643,100.28348435316327
2026-07-24 10:30:00-03:00,PETR4.SA,42.45000076293945,42.720001220703125,42.40999984741211,42.70000076293945,902100,0.5889281401810109,100.87408201247305
2026-07-24 10:35:00-03:00,PETR4.SA,42.70000076293945,42.7400016784668,42.63999938964844,42.70000076293945,1091000,0.0,100.87408201247305
2026-07-24 10:40:00-03:00,PETR4.SA,42.70000076293945,42.7400016784668,42.63999938964844,42.7400016784668,422100,0.09367895740661769,100.96857980079585
2026-07-24 10:45:00-03:00,PETR4.SA,42.72999954223633,42.7599983215332,42.630001068115234,42.66999816894531,872800,-0.16378920629933624,100.80320416532842
2026-07-24 10:50:00-03:00,PETR4.SA,42.63999938964844,42.77000045776367,42.63999938964844,42.7400016784668,1025100,0.16405791545692772,100.96857980079585
2026-07-24 10:55:00-03:00,PETR4.SA,42.7400016784668,42.7400016784668,42.66999816894531,42.70000076293945,153700,-0.09359128206936074,100.87408201247305
2026-07-24 11:00:00-03:00,PETR4.SA,42.70000076293945,42.779998779296875,42.70000076293945,42.75,157600,0.11709422989973906,100.99219974197399
2026-07-24 11:05:00-03:00,PETR4.SA,42.75,42.77000045776367,42.709999084472656,42.72999954223633,63900,-0.04678469652320549,100.9449508478126
2026-07-24 11:10:00-03:00,PETR4.SA,42.720001220703125,42.75,42.68000030517578,42.72999954223633,150400,0.0,100.9449508478126
2026-07-24 11:15:00-03:00,PETR4.SA,42.720001220703125,42.79999923706055,42.720001220703125,42.77000045776367,271300,0.09361318969312027,101.03944863613539
2026-07-24 11:20:00-03:00,PETR4.SA,42.75,42.81999969482422,42.7400016784668,42.810001373291016,239400,0.09352563736080288,101.13394642445819
2026-07-24 11:25:00-03:00,PETR4.SA,42.81999969482422,42.84000015258789,42.79999923706055,42.83000183105469,217700,0.046719124321614736,101.18119531861957
2026-07-24 11:30:00-03:00,PETR4.SA,42.83000183105469,42.880001068115234,42.810001373291016,42.849998474121094,231200,0.046688401147587655,101.22843520097587
2026-07-24 11:35:00-03:00,PETR4.SA,42.84000015258789,42.88999938964844,42.81999969482422,42.88999938964844,206300,0.09335103139269663,101.32293298929866
2026-07-24 11:40:00-03:00,PETR4.SA,42.88999938964844,42.90999984741211,42.81999969482422,42.81999969482422,320400,-0.163207497832496,101.15756636563633
2026-07-24 11:45:00-03:00,PETR4.SA,42.83000183105469,42.84000015258789,42.810001373291016,42.81999969482422,121600,0.0,101.15756636563633
2026-07-24 11:50:00-03:00,PETR4.SA,42.81999969482422,42.81999969482422,42.7599983215332,42.79999923706055,240700,-0.046708215567992095,101.11031747147494
2026-07-24 11:55:00-03:00,PETR4.SA,42.790000915527344,42.81999969482422,42.75,42.7599983215332,206700,-0.09346008467380207,101.01581968315215
2026-07-24 12:00:00-03:00,PETR4.SA,42.77000045776367,42.77000045776367,42.709999084472656,42.7400016784668,150300,-0.04676483594794334,100.96857980079585
2026-07-24 12:05:00-03:00,PETR4.SA,42.7400016784668,42.7400016784668,42.689998626708984,42.689998626708984,251500,-0.11699356526465587,100.85045305948981
2026-07-24 12:10:00-03:00,PETR4.SA,42.689998626708984,42.689998626708984,42.529998779296875,42.560001373291016,425500,-0.304514541109957,100.5433487651484
2026-07-24 12:15:00-03:00,PETR4.SA,42.56999969482422,42.58000183105469,42.439998626708984,42.529998779296875,459300,-0.07049481444089123,100.47247091800375
2026-07-24 12:20:00-03:00,PETR4.SA,42.540000915527344,42.54999923706055,42.439998626708984,42.45000076293945,156900,-0.18809785716796812,100.28348435316327
2026-07-24 12:25:00-03:00,PETR4.SA,42.459999084472656,42.4900016784668,42.369998931884766,42.439998626708984,404100,-0.02356215795218386,100.25985540018002
2026-07-24 12:30:00-03:00,PETR4.SA,42.439998626708984,42.45000076293945,42.38999938964844,42.45000076293945,71600,0.02356771101348354,100.28348435316327
2026-07-24 12:35:00-03:00,PETR4.SA,42.45000076293945,42.470001220703125,42.349998474121094,42.38999938964844,151200,-0.14134598872233006,100.14173767067909
2026-07-24 12:40:00-03:00,PETR4.SA,42.400001525878906,42.40999984741211,42.33000183105469,42.38999938964844,221100,0.0,100.14173767067909
2026-07-24 12:45:00-03:00,PETR4.SA,42.40999984741211,42.45000076293945,42.400001525878906,42.439998626708984,185700,0.11795054914003344,100.25985540018002
2026-07-24 12:50:00-03:00,PETR4.SA,42.43000030517578,42.45000076293945,42.40999984741211,42.43000030517578,67200,-0.023558722565342194,100.23623545900186
2026-07-24 12:55:00-03:00,PETR4.SA,42.43000030517578,42.47999954223633,42.41999816894531,42.459999084472656,53600,0.07070181258805874,100.30710429434141
2026-07-24 13:00:00-03:00,PETR4.SA,42.470001220703125,42.470001220703125,42.400001525878906,42.400001525878906,120000,-0.1413037208841783,100.16536662366234
2026-07-24 13:05:00-03:00,PETR4.SA,42.40999984741211,42.470001220703125,42.40999984741211,42.470001220703125,95100,0.165093613927092,100.33073324732467
2026-07-24 13:10:00-03:00,PETR4.SA,42.470001220703125,42.5099983215332,42.439998626708984,42.5,131200,0.07063522117878307,100.4016020826642
2026-07-24 13:15:00-03:00,PETR4.SA,42.4900016784668,42.5,42.439998626708984,42.459999084472656,81000,-0.09411980124081065,100.30710429434141
2026-07-24 13:20:00-03:00,PETR4.SA,42.439998626708984,42.459999084472656,42.40999984741211,42.459999084472656,65700,0.0,100.30710429434141
2026-07-24 13:25:00-03:00,PETR4.SA,42.439998626708984,42.45000076293945,42.400001525878906,42.439998626708984,55100,-0.04710423503279104,100.25985540018002
2026-07-24 13:30:00-03:00,PETR4.SA,42.43000030517578,42.5,42.40999984741211,42.45000076293945,186600,0.02356771101348354,100.28348435316327
2026-07-24 13:35:00-03:00,PETR4.SA,42.439998626708984,42.459999084472656,42.33000183105469,42.41999816894531,316400,-0.07067748752630498,100.21260650601862
2026-07-24 13:40:00-03:00,PETR4.SA,42.40999984741211,42.41999816894531,42.34000015258789,42.349998474121094,85400,-0.1650157893582027,100.04723988235628
2026-07-24 13:45:00-03:00,PETR4.SA,42.349998474121094,42.38999938964844,42.33000183105469,42.38999938964844,65500,0.09445316875698051,100.14173767067909
2026-07-24 13:50:00-03:00,PETR4.SA,42.380001068115234,42.400001525878906,42.34000015258789,42.349998474121094,115500,-0.09436403893204881,100.04723988235628
2026-07-24 13:55:00-03:00,PETR4.SA,42.349998474121094,42.349998474121094,42.290000915527344,42.310001373291016,1578200,-0.09444416120704124,99.9527511058386
2026-07-24 14:00:00-03:00,PETR4.SA,42.290000915527344,42.31999969482422,42.25,42.290000915527344,158600,-0.047271229294498784,99.90550221167722
2026-07-24 14:05:00-03:00,PETR4.SA,42.279998779296875,42.369998931884766,42.27000045776367,42.31999969482422,171400,0.07093586816608877,99.97637104701676
2026-07-24 14:10:00-03:00,PETR4.SA,42.31999969482422,42.349998474121094,42.29999923706055,42.349998474121094,62200,0.0708855848610579,100.04723988235628
2026-07-24 14:15:00-03:00,PETR4.SA,42.349998474121094,42.369998931884766,42.2599983215332,42.31999969482422,181100,-0.07083537279276575,99.97637104701676
2026-07-24 14:20:00-03:00,PETR4.SA,42.31999969482422,42.34000015258789,42.290000915527344,42.310001373291016,385500,-0.023625523642023527,99.9527511058386
2026-07-24 14:25:00-03:00,PETR4.SA,42.310001373291016,42.310001373291016,42.220001220703125,42.27000045776367,196600,-0.09454245858898647,99.85825331751582
2026-07-24 14:30:00-03:00,PETR4.SA,42.27000045776367,42.279998779296875,42.25,42.279998779296875,53400,0.023653469186002418,99.88187325869396
2026-07-24 14:35:00-03:00,PETR4.SA,42.27000045776367,42.279998779296875,42.22999954223633,42.2400016784668,85500,-0.09460052503517113,99.78738448217626
2026-07-24 14:40:00-03:00,PETR4.SA,42.2400016784668,42.25,42.18000030517578,42.209999084472656,685100,-0.07102886553490562,99.71650663503162
2026-07-24 14:45:00-03:00,PETR4.SA,42.20000076293945,42.209999084472656,42.16999816894531,42.18000030517578,244500,-0.07107031496693672,99.64563779969208
2026-07-24 14:50:00-03:00,PETR4.SA,42.18000030517578,42.220001220703125,42.16999816894531,42.189998626708984,245400,0.023703938977859274,99.66925774087024
2026-07-24 14:55:00-03:00,PETR4.SA,42.16999816894531,42.20000076293945,42.16999816894531,42.20000076293945,58600,0.0237073632520568,99.69288669385348
2026-07-24 15:00:00-03:00,PETR4.SA,42.20000076293945,42.25,42.189998626708984,42.220001220703125,82100,0.047394448820092805,99.74013558801488
2026-07-24 15:05:00-03:00,PETR4.SA,42.22999954223633,42.279998779296875,42.220001220703125,42.27000045776367,114200,0.11842547516560664,99.85825331751582
2026-07-24 15:10:00-03:00,PETR4.SA,42.27000045776367,42.29999923706055,42.25,42.290000915527344,150300,0.0473159629691855,99.90550221167722
2026-07-24 15:15:00-03:00,PETR4.SA,42.279998779296875,42.310001373291016,42.27000045776367,42.310001373291016,158400,0.047293585553753736,99.9527511058386
2026-07-24 15:20:00-03:00,PETR4.SA,42.310001373291016,42.310001373291016,42.2599983215332,42.310001373291016,180900,0.0,99.9527511058386
2026-07-24 15:25:00-03:00,PETR4.SA,42.310001373291016,42.31999969482422,42.27000045776367,42.310001373291016,99400,0.0,99.9527511058386
2026-07-24 15:30:00-03:00,PETR4.SA,42.290000915527344,42.33000183105469,42.290000915527344,42.29999923706055,73800,-0.023640122679791098,99.92912215285536
2026-07-24 15:35:00-03:00,PETR4.SA,42.310001373291016,42.36000061035156,42.290000915527344,42.36000061035156,115200,0.1418472207404875,100.07086883533954
2026-07-24 15:40:00-03:00,PETR4.SA,42.34000015258789,42.36000061035156,42.29999923706055,42.29999923706055,102600,-0.14164629940149887,99.92912215285536
2026-07-24 15:45:00-03:00,PETR4.SA,42.29999923706055,42.310001373291016,42.189998626708984,42.22999954223633,3345100,-0.16548391509872973,99.76375552919302
2026-07-24 15:50:00-03:00,PETR4.SA,42.22999954223633,42.290000915527344,42.209999084472656,42.2599983215332,1236100,0.07103665551042582,99.83462436453256
2026-07-24 15:55:00-03:00,PETR4.SA,42.2599983215332,42.310001373291016,42.2400016784668,42.27000045776367,182400,0.023668094244500004,99.85825331751582
2026-07-24 16:00:00-03:00,PETR4.SA,42.27000045776367,42.27000045776367,42.22999954223633,42.25,131200,-0.0473159629691855,99.81100442335442
2026-07-24 16:05:00-03:00,PETR4.SA,42.25,42.2599983215332,42.220001220703125,42.2400016784668,117400,-0.023664666350775576,99.78738448217626
2026-07-24 16:10:00-03:00,PETR4.SA,42.2400016784668,42.279998779296875,42.22999954223633,42.2400016784668,154300,0.0,99.78738448217626
2026-07-24 16:15:00-03:00,PETR4.SA,42.2400016784668,42.25,42.209999084472656,42.209999084472656,95200,-0.07102886553490562,99.71650663503162
2026-07-24 16:20:00-03:00,PETR4.SA,42.209999084472656,42.25,42.209999084472656,42.2400016784668,1628100,0.07107935239254459,99.78738448217626
2026-07-24 16:25:00-03:00,PETR4.SA,42.2400016784668,42.25,42.20000076293945,42.25,169400,0.023670267840691928,99.81100442335442
2026-07-24 16:30:00-03:00,PETR4.SA,42.22999954223633,42.25,42.18000030517578,42.189998626708984,168900,-0.1420150847124657,99.66925774087024
2026-07-24 16:35:00-03:00,PETR4.SA,42.189998626708984,42.220001220703125,42.15999984741211,42.189998626708984,221300,0.0,99.66925774087024
2026-07-24 16:40:00-03:00,PETR4.SA,42.189998626708984,42.209999084472656,42.15999984741211,42.20000076293945,282000,0.0237073632520568,99.69288669385348
2026-07-24 16:45:00-03:00,PETR4.SA,42.20000076293945,42.2400016784668,42.150001525878906,42.18000030517578,409400,-0.047394448820092805,99.64563779969208
2026-07-24 16:50:00-03:00,PETR4.SA,42.18000030517578,42.22999954223633,42.16999816894531,42.209999084472656,387100,0.07112086078671087,99.71650663503162
2026-07-27 10:05:00-03:00,PETR4.SA,41.20000076293945,41.20000076293945,41.02000045776367,41.040000915527344,649600,-2.7718507328177266,96.95251391512826
2026-07-27 10:10:00-03:00,PETR4.SA,41.029998779296875,41.04999923706055,40.91999816894531,40.97999954223633,1211900,-0.14620217337352193,96.81076723264408
2026-07-27 10:15:00-03:00,PETR4.SA,40.9900016784668,41.040000915527344,40.88999938964844,40.90999984741211,1513300,-0.17081428893641615,96.64540060898175
2026-07-27 10:20:00-03:00,PETR4.SA,40.91999816894531,40.95000076293945,40.81999969482422,40.869998931884766,374500,-0.0977778432572518,96.55090282065895
2026-07-27 10:25:00-03:00,PETR4.SA,40.869998931884766,40.939998626708984,40.81999969482422,40.939998626708984,857500,0.1712740314500083,96.71626944432128
2026-07-27 10:30:00-03:00,PETR4.SA,40.95000076293945,41.13999938964844,40.91999816894531,41.08000183105469,713300,0.3419716879383694,97.04701170345106
2026-07-27 10:35:00-03:00,PETR4.SA,41.06999969482422,41.06999969482422,40.91999816894531,41.02000045776367,392500,-0.14605981162750803,96.90526502096687
2026-07-27 10:40:00-03:00,PETR4.SA,41.02000045776367,41.220001220703125,41.02000045776367,41.209999084472656,1485900,0.4631853354185589,97.35411599779246
2026-07-27 10:45:00-03:00,PETR4.SA,41.209999084472656,41.2599983215332,41.18000030517578,41.220001220703125,933800,0.02427113917173873,97.3777449507757
2026-07-27 10:50:00-03:00,PETR4.SA,41.209999084472656,41.2599983215332,41.119998931884766,41.2400016784668,270000,0.04852124495722254,97.42499384493712
2026-07-27 10:55:00-03:00,PETR4.SA,41.25,41.279998779296875,41.209999084472656,41.2400016784668,203100,0.0,97.42499384493712
2026-07-27 11:00:00-03:00,PETR4.SA,41.2400016784668,41.290000915527344,41.20000076293945,41.279998779296875,457900,0.09698617653297603,97.5194826214548
2026-07-27 11:05:00-03:00,PETR4.SA,41.290000915527344,41.290000915527344,41.11000061035156,41.15999984741211,657900,-0.2906950955263832,97.23599826829154
2026-07-27 11:10:00-03:00,PETR4.SA,41.150001525878906,41.220001220703125,41.09000015258789,41.20000076293945,571300,0.09718395450835082,97.33049605661432
2026-07-27 11:15:00-03:00,PETR4.SA,41.20000076293945,41.22999954223633,41.150001525878906,41.18000030517578,280600,-0.04854479949830681,97.28324716245292
2026-07-27 11:20:00-03:00,PETR4.SA,41.20000076293945,41.209999084472656,41.15999984741211,41.189998626708984,179100,0.024279556724393636,97.30686710363106
2026-07-27 11:25:00-03:00,PETR4.SA,41.189998626708984,41.36000061035156,41.18000030517578,41.310001373291016,712700,0.29133952557167664,97.59036046859944
2026-07-27 11:30:00-03:00,PETR4.SA,41.29999923706055,41.36000061035156,41.220001220703125,41.25,549900,-0.14524660202458461,97.44861378611526
2026-07-27 11:35:00-03:00,PETR4.SA,41.25,41.290000915527344,41.209999084472656,41.2400016784668,169800,-0.024238355232009123,97.42499384493712
2026-07-27 11:40:00-03:00,PETR4.SA,41.25,41.33000183105469,41.22999954223633,41.290000915527344,168100,0.12123965816095428,97.54311157443804
2026-07-27 11:45:00-03:00,PETR4.SA,41.310001373291016,41.33000183105469,41.2400016784668,41.33000183105469,452100,0.0968779720038837,97.63760936276084
2026-07-27 11:50:00-03:00,PETR4.SA,41.33000183105469,41.459999084472656,41.29999923706055,41.41999816894531,560900,0.2177506264299245,97.85021586877947
2026-07-27 11:55:00-03:00,PETR4.SA,41.41999816894531,41.45000076293945,41.400001525878906,41.43000030517578,284500,0.024148084675590376,97.87384482176272
2026-07-27 12:00:00-03:00,PETR4.SA,41.43000030517578,41.47999954223633,41.349998474121094,41.38999938964844,175900,-0.09655060398912063,97.77934703343992
2026-07-27 12:05:00-03:00,PETR4.SA,41.369998931884766,41.40999984741211,41.34000015258789,41.36000061035156,107100,-0.07247832746858363,97.70847819810038
2026-07-27 12:10:00-03:00,PETR4.SA,41.36000061035156,41.41999816894531,41.29999923706055,41.369998931884766,182200,0.02417389116455837,97.73209813927853
2026-07-27 12:15:00-03:00,PETR4.SA,41.369998931884766,41.369998931884766,41.29999923706055,41.310001373291016,592500,-0.14502673469374283,97.59036046859944
2026-07-27 12:20:00-03:00,PETR4.SA,41.31999969482422,41.36000061035156,41.27000045776367,41.34000015258789,342400,0.07261868385284309,97.661229303939
2026-07-27 12:25:00-03:00,PETR4.SA,41.33000183105469,41.36000061035156,41.310001373291016,41.349998474121094,126000,0.024185586589986485,97.68484924511714
2026-07-27 12:30:00-03:00,PETR4.SA,41.33000183105469,41.38999938964844,41.310001373291016,41.380001068115234,118300,0.07255766650853257,97.75572709226178
2026-07-27 12:35:00-03:00,PETR4.SA,41.369998931884766,41.369998931884766,41.279998779296875,41.310001373291016,167100,-0.16916310540686652,97.59036046859944
2026-07-27 12:40:00-03:00,PETR4.SA,41.310001373291016,41.33000183105469,41.22999954223633,41.2599983215332,189900,-0.1210434521799364,97.4722337272934
2026-07-27 12:45:00-03:00,PETR4.SA,41.2400016784668,41.27000045776367,41.220001220703125,41.2400016784668,154400,-0.0484649633540335,97.42499384493712
2026-07-27 12:50:00-03:00,PETR4.SA,41.2400016784668,41.349998474121094,41.209999084472656,41.31999969482422,377300,0.19398160305894585,97.6139804097776
2026-07-27 12:55:00-03:00,PETR4.SA,41.34000015258789,41.43000030517578,41.31999969482422,41.400001525878906,305200,0.19361527503765075,97.80297598642318
2026-07-27 13:00:00-03:00,PETR4.SA,41.380001068115234,41.45000076293945,41.369998931884766,41.41999816894531,202500,0.04830106842848014,97.85021586877947
2026-07-27 13:05:00-03:00,PETR4.SA,41.400001525878906,41.41999816894531,41.36000061035156,41.38999938964844,71400,-0.07242583443513029,97.77934703343992
2026-07-27 13:10:00-03:00,PETR4.SA,41.38999938964844,41.400001525878906,41.33000183105469,41.349998474121094,91600,-0.09664391427207653,97.68484924511714
2026-07-27 13:15:00-03:00,PETR4.SA,41.34000015258789,41.38999938964844,41.31999969482422,41.380001068115234,113800,0.07255766650853257,97.75572709226178
2026-07-27 13:20:00-03:00,PETR4.SA,41.380001068115234,41.38999938964844,41.31999969482422,41.36000061035156,107100,-0.04833363278736735,97.70847819810038
2026-07-27 13:25:00-03:00,PETR4.SA,41.349998474121094,41.36000061035156,41.209999084472656,41.22999954223633,837900,-0.31431592407350495,97.40136489195386
2026-07-27 13:30:00-03:00,PETR4.SA,41.209999084472656,41.22999954223633,41.13999938964844,41.150001525878906,258400,-0.19402866176476685,97.21237832711338
2026-07-27 13:35:00-03:00,PETR4.SA,41.150001525878906,41.189998626708984,41.11000061035156,41.18000030517578,241300,0.07290104054555879,97.28324716245292
2026-07-27 13:40:00-03:00,PETR4.SA,41.18000030517578,41.209999084472656,41.13999938964844,41.18000030517578,133400,0.0,97.28324716245292
2026-07-27 13:45:00-03:00,PETR4.SA,41.15999984741211,41.189998626708984,41.150001525878906,41.150001525878906,117900,-0.07284793364390474,97.21237832711338
2026-07-27 13:50:00-03:00,PETR4.SA,41.16999816894531,41.18000030517578,41.119998931884766,41.13999938964844,243400,-0.02430652699776381,97.18874937413014
2026-07-27 13:55:00-03:00,PETR4.SA,41.119998931884766,41.13999938964844,41.08000183105469,41.130001068115234,187400,-0.02430316402901589,97.16512943295199
2026-07-27 14:00:00-03:00,PETR4.SA,41.130001068115234,41.15999984741211,41.099998474121094,41.11000061035156,150900,-0.04862741853701724,97.11788053879059
2026-07-27 14:05:00-03:00,PETR4.SA,41.130001068115234,41.150001525878906,41.099998474121094,41.150001525878906,92600,0.09730215259902142,97.21237832711338
2026-07-27 14:10:00-03:00,PETR4.SA,41.130001068115234,41.150001525878906,41.060001373291016,41.099998474121094,161700,-0.12151409454107531,97.09425158580734
2026-07-27 14:15:00-03:00,PETR4.SA,41.09000015258789,41.16999816894531,41.09000015258789,41.15999984741211,200600,0.14598874822049357,97.23599826829154
2026-07-27 14:20:00-03:00,PETR4.SA,41.15999984741211,41.189998626708984,41.099998474121094,41.11000061035156,209700,-0.1214753091494214,97.11788053879059
2026-07-27 14:25:00-03:00,PETR4.SA,41.119998931884766,41.13999938964844,41.09000015258789,41.119998931884766,156800,0.0243208985277521,97.14150047996874
2026-07-27 14:30:00-03:00,PETR4.SA,41.099998474121094,41.13999938964844,41.09000015258789,41.09000015258789,128800,-0.0729542317026044,97.0706316446292
2026-07-27 14:35:00-03:00,PETR4.SA,41.09000015258789,41.13999938964844,41.08000183105469,41.11000061035156,154100,0.04867475709271485,97.11788053879059
2026-07-27 14:40:00-03:00,PETR4.SA,41.099998474121094,41.130001068115234,41.09000015258789,41.119998931884766,114200,0.0243208985277521,97.14150047996874
2026-07-27 14:45:00-03:00,PETR4.SA,41.130001068115234,41.15999984741211,41.08000183105469,41.099998474121094,155900,-0.048639246797654856,97.09425158580734
2026-07-27 14:50:00-03:00,PETR4.SA,41.099998474121094,41.119998931884766,41.060001373291016,41.09000015258789,349100,-0.024326817285647007,97.0706316446292
2026-07-27 14:55:00-03:00,PETR4.SA,41.09000015258789,41.09000015258789,41.04999923706055,41.06999969482422,188200,-0.04867475709272595,97.0233827504678
2026-07-27 15:00:00-03:00,PETR4.SA,41.08000183105469,41.099998474121094,41.029998779296875,41.099998474121094,308500,0.07304304728459332,97.09425158580734
2026-07-27 15:05:00-03:00,PETR4.SA,41.099998474121094,41.119998931884766,41.04999923706055,41.06999969482422,353200,-0.07298973335915226,97.0233827504678
2026-07-27 15:10:00-03:00,PETR4.SA,41.060001373291016,41.09000015258789,41.04999923706055,41.06999969482422,119100,0.0,97.0233827504678
2026-07-27 15:15:00-03:00,PETR4.SA,41.06999969482422,41.09000015258789,41.0,41.0099983215332,332900,-0.14609538285089707,96.8816360679836
2026-07-27 15:20:00-03:00,PETR4.SA,41.0099983215332,41.040000915527344,41.0,41.02000045776367,209800,0.024389506558986085,96.90526502096687
2026-07-27 15:25:00-03:00,PETR4.SA,41.02000045776367,41.06999969482422,41.02000045776367,41.060001373291016,166100,0.09751563891016168,96.99976280928966
2026-07-27 15:30:00-03:00,PETR4.SA,41.060001373291016,41.08000183105469,41.040000915527344,41.08000183105469,158100,0.048710319276024094,97.04701170345106
2026-07-27 15:35:00-03:00,PETR4.SA,41.08000183105469,41.08000183105469,41.029998779296875,41.029998779296875,207700,-0.12172115269968309,96.928884962145
2026-07-27 15:40:00-03:00,PETR4.SA,41.029998779296875,41.04999923706055,40.9900016784668,41.0099983215332,401700,-0.04874593799345517,96.8816360679836
2026-07-27 15:45:00-03:00,PETR4.SA,41.0099983215332,41.0099983215332,40.95000076293945,40.959999084472656,294600,-0.12191962718099969,96.76351833848268
2026-07-27 15:50:00-03:00,PETR4.SA,40.95000076293945,40.970001220703125,40.88999938964844,40.939998626708984,511200,-0.048829243678505385,96.71626944432128
2026-07-27 15:55:00-03:00,PETR4.SA,40.939998626708984,41.0,40.939998626708984,40.959999084472656,328300,0.04885309827691309,96.76351833848268
2026-07-27 16:00:00-03:00,PETR4.SA,40.959999084472656,41.0099983215332,40.959999084472656,41.0,305500,0.09765848735701077,96.85801612680547
2026-07-27 16:05:00-03:00,PETR4.SA,41.0,41.029998779296875,40.970001220703125,41.029998779296875,355100,0.07316775438261924,96.928884962145
2026-07-27 16:10:00-03:00,PETR4.SA,41.029998779296875,41.060001373291016,41.02000045776367,41.02000045776367,441200,-0.024368320328216342,96.90526502096687
2026-07-27 16:15:00-03:00,PETR4.SA,41.040000915527344,41.04999923706055,41.0,41.0099983215332,336900,-0.02438355952912863,96.8816360679836
2026-07-27 16:20:00-03:00,PETR4.SA,41.0099983215332,41.02000045776367,40.95000076293945,41.0,474600,-0.02438020468767954,96.85801612680547
2026-07-27 16:25:00-03:00,PETR4.SA,40.97999954223633,41.06999969482422,40.95000076293945,41.04999923706055,514700,0.12194935868425905,96.97613385630642
2026-07-27 16:30:00-03:00,PETR4.SA,41.040000915527344,41.119998931884766,41.029998779296875,41.09000015258789,767500,0.0974443758118948,97.0706316446292
2026-07-27 16:35:00-03:00,PETR4.SA,41.099998474121094,41.099998474121094,41.0,41.040000915527344,471700,-0.12168225085148476,96.95251391512826
2026-07-27 16:40:00-03:00,PETR4.SA,41.040000915527344,41.099998474121094,41.02000045776367,41.08000183105469,586400,0.09746811558235535,97.04701170345106
2026-07-27 16:45:00-03:00,PETR4.SA,41.08000183105469,41.08000183105469,41.029998779296875,41.040000915527344,315100,-0.09737320775167202,96.95251391512826
2026-07-27 16:50:00-03:00,PETR4.SA,41.040000915527344,41.060001373291016,41.0,41.0,540300,-0.09746811558235535,96.85801612680547
2026-07-28 10:05:00-03:00,PETR4.SA,41.02000045776367,41.119998931884766,40.880001068115234,41.099998474121094,2746000,0.2438987173685181,97.09425158580734
2026-07-28 10:10:00-03:00,PETR4.SA,41.099998474121094,41.20000076293945,41.06999969482422,41.20000076293945,580500,0.24331458036750409,97.33049605661432
2026-07-28 10:15:00-03:00,PETR4.SA,41.189998626708984,41.220001220703125,41.130001068115234,41.150001525878906,322400,-0.12135736925888985,97.21237832711338
2026-07-28 10:20:00-03:00,PETR4.SA,41.150001525878906,41.18000030517578,41.09000015258789,41.09000015258789,537100,-0.1458113513149728,97.0706316446292
2026-07-28 10:25:00-03:00,PETR4.SA,41.09000015258789,41.130001068115234,41.060001373291016,41.08000183105469,115900,-0.02433273666603286,97.04701170345106
2026-07-28 10:30:00-03:00,PETR4.SA,41.08000183105469,41.33000183105469,41.0,41.290000915527344,668300,0.5111954116659989,97.54311157443804
2026-07-28 10:35:00-03:00,PETR4.SA,41.290000915527344,41.34000015258789,41.20000076293945,41.2400016784668,774500,-0.12109284560888334,97.42499384493712
2026-07-28 10:40:00-03:00,PETR4.SA,41.22999954223633,41.34000015258789,41.209999084472656,41.220001220703125,786200,-0.04849771326298491,97.3777449507757
2026-07-28 10:45:00-03:00,PETR4.SA,41.22999954223633,41.40999984741211,41.20000076293945,41.380001068115234,861300,0.38816070517666557,97.75572709226178
2026-07-28 10:50:00-03:00,PETR4.SA,41.38999938964844,41.470001220703125,41.36000061035156,41.45000076293945,347500,0.16916310540686652,97.92109371592412
2026-07-28 10:55:00-03:00,PETR4.SA,41.45000076293945,41.63999938964844,41.439998626708984,41.560001373291016,890300,0.2653814434906199,98.18095812790924
2026-07-28 11:00:00-03:00,PETR4.SA,41.560001373291016,41.70000076293945,41.560001373291016,41.65999984741211,890800,0.24061229744174462,98.41719358691111
2026-07-28 11:05:00-03:00,PETR4.SA,41.650001525878906,41.70000076293945,41.630001068115234,41.65999984741211,286100,0.0,98.41719358691111
2026-07-28 11:10:00-03:00,PETR4.SA,41.65999984741211,41.68000030517578,41.630001068115234,41.68000030517578,387000,0.04800878021347099,98.4644424810725
2026-07-28 11:15:00-03:00,PETR4.SA,41.66999816894531,41.66999816894531,41.56999969482422,41.599998474121094,378600,-0.19194297137458127,98.27544690442693
2026-07-28 11:20:00-03:00,PETR4.SA,41.599998474121094,41.68000030517578,41.54999923706055,41.68000030517578,200400,0.19231210093542117,98.4644424810725
2026-07-28 11:25:00-03:00,PETR4.SA,41.66999816894531,41.68000030517578,41.619998931884766,41.63999938964844,110600,-0.09597148568728509,98.36994469274971
2026-07-28 11:30:00-03:00,PETR4.SA,41.63999938964844,41.66999816894531,41.630001068115234,41.650001525878906,232600,0.024020500425270264,98.39357364573297
2026-07-28 11:35:00-03:00,PETR4.SA,41.650001525878906,41.65999984741211,41.619998931884766,41.65999984741211,186100,0.024005573029795002,98.41719358691111
2026-07-28 11:40:00-03:00,PETR4.SA,41.65999984741211,41.72999954223633,41.630001068115234,41.689998626708984,535400,0.0720085919509117,98.48806242225065
2026-07-28 11:45:00-03:00,PETR4.SA,41.70000076293945,41.77000045776367,41.68000030517578,41.68000030517578,652600,-0.023982542246470118,98.4644424810725
2026-07-28 11:50:00-03:00,PETR4.SA,41.689998626708984,41.689998626708984,41.619998931884766,41.630001068115234,82800,-0.11995978093679582,98.34632475157157
2026-07-28 11:55:00-03:00,PETR4.SA,41.619998931884766,41.650001525878906,41.59000015258789,41.630001068115234,146400,0.0,98.34632475157157
2026-07-28 12:00:00-03:00,PETR4.SA,41.630001068115234,41.630001068115234,41.56999969482422,41.61000061035156,154500,-0.04804337557173799,98.29907585741017
2026-07-28 12:05:00-03:00,PETR4.SA,41.61000061035156,41.61000061035156,41.540000915527344,41.54999923706055,172000,-0.14419940497690797,98.15732917492599
2026-07-28 12:10:00-03:00,PETR4.SA,41.540000915527344,41.540000915527344,41.380001068115234,41.400001525878906,713000,-0.3610053283655712,97.80297598642318
2026-07-28 12:15:00-03:00,PETR4.SA,41.40999984741211,41.41999816894531,41.029998779296875,41.04999923706055,1501000,-0.8454161254066062,96.97613385630642
2026-07-28 12:20:00-03:00,PETR4.SA,41.06999969482422,41.18000030517578,40.95000076293945,41.130001068115234,1299400,0.1948887516238118,97.16512943295199
2026-07-28 12:25:00-03:00,PETR4.SA,41.119998931884766,41.13999938964844,40.95000076293945,41.02000045776367,746100,-0.26744616458771464,96.90526502096687
2026-07-28 12:30:00-03:00,PETR4.SA,41.029998779296875,41.099998474121094,41.029998779296875,41.060001373291016,207800,0.09751563891016168,96.99976280928966
2026-07-28 12:35:00-03:00,PETR4.SA,41.06999969482422,41.099998474121094,40.95000076293945,41.029998779296875,381800,-0.07307012418577008,96.928884962145
2026-07-28 12:40:00-03:00,PETR4.SA,41.040000915527344,41.04999923706055,40.95000076293945,41.04999923706055,791000,0.04874593799346627,96.97613385630642
2026-07-28 12:45:00-03:00,PETR4.SA,41.040000915527344,41.130001068115234,41.02000045776367,41.130001068115234,176400,0.1948887516238118,97.16512943295199
2026-07-28 12:50:00-03:00,PETR4.SA,41.119998931884766,41.16999816894531,41.060001373291016,41.06999969482422,174800,-0.14588225561105173,97.0233827504678
2026-07-28 12:55:00-03:00,PETR4.SA,41.060001373291016,41.11000061035156,41.04999923706055,41.060001373291016,98700,-0.0243445863343017,96.99976280928966
2026-07-28 13:00:00-03:00,PETR4.SA,41.060001373291016,41.11000061035156,41.029998779296875,41.029998779296875,120500,-0.07307012418577008,96.928884962145
2026-07-28 13:05:00-03:00,PETR4.SA,41.029998779296875,41.08000183105469,40.959999084472656,40.9900016784668,368400,-0.09748257864988785,96.83439618562733
2026-07-28 13:10:00-03:00,PETR4.SA,40.9900016784668,41.029998779296875,40.959999084472656,41.02000045776367,231400,0.07318560153324327,96.90526502096687
2026-07-28 13:15:00-03:00,PETR4.SA,41.02000045776367,41.060001373291016,41.0099983215332,41.0099983215332,147000,-0.02438355952912863,96.8816360679836
2026-07-28 13:20:00-03:00,PETR4.SA,41.02000045776367,41.029998779296875,40.97999954223633,41.02000045776367,98700,0.024389506558986085,96.90526502096687
2026-07-28 13:25:00-03:00,PETR4.SA,41.02000045776367,41.02000045776367,40.95000076293945,40.97999954223633,139300,-0.09751563891017279,96.81076723264408
2026-07-28 13:30:00-03:00,PETR4.SA,40.9900016784668,41.040000915527344,40.9900016784668,41.0,82800,0.048805412364782974,96.85801612680547
2026-07-28 13:35:00-03:00,PETR4.SA,41.0,41.040000915527344,40.97999954223633,40.9900016784668,168700,-0.02438615008097944,96.83439618562733
2026-07-28 13:40:00-03:00,PETR4.SA,40.97999954223633,41.06999969482422,40.97999954223633,41.06999969482422,174600,0.19516470622504833,97.0233827504678
2026-07-28 13:45:00-03:00,PETR4.SA,41.06999969482422,41.189998626708984,41.06999969482422,41.150001525878906,424000,0.1947938438011887,97.21237832711338
2026-07-28 13:50:00-03:00,PETR4.SA,41.150001525878906,41.18000030517578,41.08000183105469,41.099998474121094,183800,-0.12151409454107531,97.09425158580734
2026-07-28 13:55:00-03:00,PETR4.SA,41.11000061035156,41.130001068115234,41.099998474121094,41.130001068115234,70700,0.07299901486135241,97.16512943295199
2026-07-28 14:00:00-03:00,PETR4.SA,41.119998931884766,41.18000030517578,41.099998474121094,41.099998474121094,112600,-0.07294576517139495,97.09425158580734
2026-07-28 14:05:00-03:00,PETR4.SA,41.099998474121094,41.130001068115234,41.08000183105469,41.130001068115234,153500,0.07299901486135241,97.16512943295199
2026-07-28 14:10:00-03:00,PETR4.SA,41.119998931884766,41.220001220703125,41.11000061035156,41.18000030517578,267000,0.12156390897666292,97.28324716245292
2026-07-28 14:15:00-03:00,PETR4.SA,41.189998626708984,41.20000076293945,41.130001068115234,41.150001525878906,83700,-0.07284793364390474,97.21237832711338
2026-07-28 14:20:00-03:00,PETR4.SA,41.150001525878906,41.15999984741211,41.040000915527344,41.09000015258789,187400,-0.1458113513149728,97.0706316446292
2026-07-28 14:25:00-03:00,PETR4.SA,41.099998474121094,41.119998931884766,41.08000183105469,41.11000061035156,60600,0.04867475709271485,97.11788053879059
2026-07-28 14:30:00-03:00,PETR4.SA,41.11000061035156,41.13999938964844,41.099998474121094,41.119998931884766,132200,0.0243208985277521,97.14150047996874
2026-07-28 14:35:00-03:00,PETR4.SA,41.130001068115234,41.15999984741211,41.099998474121094,41.15999984741211,279900,0.09727849359530971,97.23599826829154
2026-07-28 14:40:00-03:00,PETR4.SA,41.15999984741211,41.18000030517578,41.119998931884766,41.119998931884766,123300,-0.09718395450833972,97.14150047996874
2026-07-28 14:45:00-03:00,PETR4.SA,41.130001068115234,41.18000030517578,41.119998931884766,41.13999938964844,111200,0.048639246797654856,97.18874937413014
2026-07-28 14:50:00-03:00,PETR4.SA,41.13999938964844,41.16999816894531,41.119998931884766,41.16999816894531,123100,0.07291876456474444,97.25961820946968
2026-07-28 14:55:00-03:00,PETR4.SA,41.15999984741211,41.18000030517578,41.150001525878906,41.15999984741211,100400,-0.024285455374983833,97.23599826829154
2026-07-28 15:00:00-03:00,PETR4.SA,41.15999984741211,41.16999816894531,41.119998931884766,41.13999938964844,120700,-0.04859197725417541,97.18874937413014
2026-07-28 15:05:00-03:00,PETR4.SA,41.13999938964844,41.18000030517578,41.13999938964844,41.13999938964844,139800,0.0,97.18874937413014
2026-07-28 15:10:00-03:00,PETR4.SA,41.130001068115234,41.15999984741211,41.099998474121094,41.130001068115234,146300,-0.02430316402901589,97.16512943295199
2026-07-28 15:15:00-03:00,PETR4.SA,41.130001068115234,41.18000030517578,41.130001068115234,41.150001525878906,122200,0.04862741853701724,97.21237832711338
2026-07-28 15:20:00-03:00,PETR4.SA,41.150001525878906,41.18000030517578,41.13999938964844,41.15999984741211,145500,0.02429725677388639,97.23599826829154
2026-07-28 15:25:00-03:00,PETR4.SA,41.15999984741211,41.209999084472656,41.15999984741211,41.189998626708984,163600,0.07288333189525709,97.30686710363106
2026-07-28 15:30:00-03:00,PETR4.SA,41.189998626708984,41.189998626708984,41.15999984741211,41.16999816894531,90600,-0.04855658759528314,97.25961820946968
2026-07-28 15:35:00-03:00,PETR4.SA,41.15999984741211,41.189998626708984,41.150001525878906,41.15999984741211,153900,-0.024285455374983833,97.23599826829154
2026-07-28 15:40:00-03:00,PETR4.SA,41.15999984741211,41.209999084472656,41.15999984741211,41.16999816894531,378800,0.024291354641081675,97.25961820946968
2026-07-28 15:45:00-03:00,PETR4.SA,41.18000030517578,41.220001220703125,41.16999816894531,41.189998626708984,135300,0.04858017647122459,97.30686710363106
2026-07-28 15:50:00-03:00,PETR4.SA,41.189998626708984,41.220001220703125,41.16999816894531,41.189998626708984,202300,0.0,97.30686710363106
2026-07-28 15:55:00-03:00,PETR4.SA,41.189998626708984,41.220001220703125,41.18000030517578,41.18000030517578,291900,-0.024273663186580308,97.28324716245292
2026-07-28 16:00:00-03:00,PETR4.SA,41.189998626708984,41.20000076293945,41.15999984741211,41.189998626708984,221300,0.024279556724393636,97.30686710363106
2026-07-28 16:05:00-03:00,PETR4.SA,41.18000030517578,41.20000076293945,41.18000030517578,41.18000030517578,87300,-0.024273663186580308,97.28324716245292
2026-07-28 16:10:00-03:00,PETR4.SA,41.18000030517578,41.189998626708984,41.150001525878906,41.15999984741211,161000,-0.0485683769195111,97.23599826829154
2026-07-28 16:15:00-03:00,PETR4.SA,41.150001525878906,41.209999084472656,41.150001525878906,41.189998626708984,232500,0.07288333189525709,97.30686710363106
2026-07-28 16:20:00-03:00,PETR4.SA,41.189998626708984,41.2400016784668,41.18000030517578,41.22999954223633,227900,0.09711317519056628,97.40136489195386
2026-07-28 16:25:00-03:00,PETR4.SA,41.2400016784668,41.2400016784668,41.209999084472656,41.22999954223633,106200,0.0,97.40136489195386
2026-07-28 16:30:00-03:00,PETR4.SA,41.22999954223633,41.279998779296875,41.209999084472656,41.22999954223633,182900,0.0,97.40136489195386
2026-07-28 16:35:00-03:00,PETR4.SA,41.22999954223633,41.2599983215332,41.0099983215332,41.0099983215332,129500,-0.53359501126784,96.8816360679836
2026-07-28 16:40:00-03:00,PETR4.SA,41.2400016784668,41.27000045776367,41.22999954223633,41.27000045776367,292000,0.63399694433528,97.49586268027666
2026-07-28 16:45:00-03:00,PETR4.SA,41.27000045776367,41.27000045776367,41.209999084472656,41.209999084472656,312300,-0.1453873821795182,97.35411599779246
2026-07-28 16:50:00-03:00,PETR4.SA,41.209999084472656,41.220001220703125,41.13999938964844,41.150001525878906,618400,-0.14558980812100497,97.21237832711338
2026-07-29 10:05:00-03:00,PETR4.SA,42.15999984741211,42.209999084472656,41.880001068115234,42.08000183105469,2048500,2.2600249591507637,99.4094023406902
2026-07-29 10:10:00-03:00,PETR4.SA,42.09000015258789,42.15999984741211,42.0,42.13999938964844,710300,0.142579743305693,99.55114001136928
2026-07-29 10:15:00-03:00,PETR4.SA,42.150001525878906,42.2400016784668,42.11000061035156,42.18000030517578,409600,0.0949238635659988,99.64563779969208
2026-07-29 10:20:00-03:00,PETR4.SA,42.20000076293945,42.25,42.130001068115234,42.22999954223633,502900,0.11853778259554026,99.76375552919302
2026-07-29 10:25:00-03:00,PETR4.SA,42.2400016784668,42.38999938964844,42.22999954223633,42.38999938964844,611500,0.3788772179646571,100.14173767067909
2026-07-29 10:30:00-03:00,PETR4.SA,42.38999938964844,42.400001525878906,42.25,42.290000915527344,865600,-0.2359010982800669,99.90550221167722
2026-07-29 10:35:00-03:00,PETR4.SA,42.290000915527344,42.310001373291016,42.11000061035156,42.130001068115234,517700,-0.3783396641009795,99.52752007019114
2026-07-29 10:40:00-03:00,PETR4.SA,42.130001068115234,42.20000076293945,42.099998474121094,42.13999938964844,873800,0.023732070447946008,99.55114001136928
2026-07-29 10:45:00-03:00,PETR4.SA,42.13999938964844,42.2400016784668,42.06999969482422,42.20000076293945,598200,0.1423857953489982,99.69288669385348
2026-07-29 10:50:00-03:00,PETR4.SA,42.18000030517578,42.18000030517578,42.11000061035156,42.130001068115234,194600,-0.16587605108693282,99.52752007019114
2026-07-29 10:55:00-03:00,PETR4.SA,42.130001068115234,42.189998626708984,42.099998474121094,42.119998931884766,153100,-0.023741125034149047,99.5038911172079
2026-07-29 11:00:00-03:00,PETR4.SA,42.11000061035156,42.18000030517578,42.099998474121094,42.150001525878906,209200,0.07123123161199008,99.57476896435254
2026-07-29 11:05:00-03:00,PETR4.SA,42.150001525878906,42.15999984741211,42.08000183105469,42.11000061035156,326700,-0.09490133826633995,99.48027117602976
2026-07-29 11:10:00-03:00,PETR4.SA,42.099998474121094,42.18000030517578,42.08000183105469,42.15999984741211,275700,0.11873482862940765,99.59838890553068
2026-07-29 11:15:00-03:00,PETR4.SA,42.15999984741211,42.18000030517578,42.119998931884766,42.13999938964844,260500,-0.04743941611968783,99.55114001136928
2026-07-29 11:20:00-03:00,PETR4.SA,42.150001525878906,42.150001525878906,42.06999969482422,42.11000061035156,137500,-0.07118837145556611,99.48027117602976
2026-07-29 11:25:00-03:00,PETR4.SA,42.11000061035156,42.209999084472656,42.04999923706055,42.18000030517578,654700,0.16623057185853884,99.64563779969208
2026-07-29 11:30:00-03:00,PETR4.SA,42.18000030517578,42.220001220703125,42.18000030517578,42.189998626708984,186200,0.023703938977859274,99.66925774087024
2026-07-29 11:35:00-03:00,PETR4.SA,42.20000076293945,42.22999954223633,42.189998626708984,42.20000076293945,127300,0.0237073632520568,99.69288669385348
2026-07-29 11:40:00-03:00,PETR4.SA,42.20000076293945,42.2599983215332,42.189998626708984,42.22999954223633,488500,0.07108715344674721,99.76375552919302
2026-07-29 11:45:00-03:00,PETR4.SA,42.2400016784668,42.279998779296875,42.209999084472656,42.25,516800,0.0473607813887611,99.81100442335442
2026-07-29 11:50:00-03:00,PETR4.SA,42.2400016784668,42.2599983215332,42.150001525878906,42.220001220703125,783600,-0.07100302792160118,99.74013558801488
2026-07-29 11:55:00-03:00,PETR4.SA,42.220001220703125,42.2400016784668,42.119998931884766,42.16999816894531,381000,-0.11843451045020492,99.62200884670884
2026-07-29 12:00:00-03:00,PETR4.SA,42.15999984741211,42.209999084472656,42.119998931884766,42.130001068115234,265200,-0.09484729088636845,99.52752007019114
2026-07-29 12:05:00-03:00,PETR4.SA,42.119998931884766,42.18000030517578,42.119998931884766,42.16999816894531,845400,0.09493733637797597,99.62200884670884
2026-07-29 12:10:00-03:00,PETR4.SA,42.18000030517578,42.189998626708984,42.13999938964844,42.16999816894531,191200,0.0,99.62200884670884
2026-07-29 12:15:00-03:00,PETR4.SA,42.18000030517578,42.2400016784668,42.18000030517578,42.220001220703125,643700,0.11857494410478786,99.74013558801488
2026-07-29 12:20:00-03:00,PETR4.SA,42.220001220703125,42.2400016784668,42.189998626708984,42.2400016784668,183200,0.047371997123168974,99.78738448217626
2026-07-29 12:25:00-03:00,PETR4.SA,42.2400016784668,42.290000915527344,42.18000030517578,42.290000915527344,637200,0.11836940121627837,99.90550221167722
2026-07-29 12:30:00-03:00,PETR4.SA,42.279998779296875,42.33000183105469,42.22999954223633,42.29999923706055,492000,0.023642282612312826,99.92912215285536
2026-07-29 12:35:00-03:00,PETR4.SA,42.29999923706055,42.310001373291016,42.220001220703125,42.220001220703125,208600,-0.18912060945697196,99.74013558801488
2026-07-29 12:40:00-03:00,PETR4.SA,42.220001220703125,42.25,42.20000076293945,42.25,147400,0.07105347804245987,99.81100442335442
2026-07-29 12:45:00-03:00,PETR4.SA,42.25,42.290000915527344,42.209999084472656,42.279998779296875,170900,0.07100302792160118,99.88187325869396
2026-07-29 12:50:00-03:00,PETR4.SA,42.279998779296875,42.34000015258789,42.279998779296875,42.310001373291016,396300,0.07096167185518532,99.9527511058386
2026-07-29 12:55:00-03:00,PETR4.SA,42.310001373291016,42.34000015258789,42.279998779296875,42.31999969482422,233000,0.023631106614696584,99.97637104701676
2026-07-29 13:00:00-03:00,PETR4.SA,42.33000183105469,42.33000183105469,42.279998779296875,42.290000915527344,150600,-0.0708855848610579,99.90550221167722
2026-07-29 13:05:00-03:00,PETR4.SA,42.279998779296875,42.290000915527344,42.220001220703125,42.27000045776367,206200,-0.04729358555376484,99.85825331751582
2026-07-29 13:10:00-03:00,PETR4.SA,42.2599983215332,42.27000045776367,42.189998626708984,42.220001220703125,116700,-0.11828539512438452,99.74013558801488
2026-07-29 13:15:00-03:00,PETR4.SA,42.220001220703125,42.220001220703125,42.150001525878906,42.15999984741211,398800,-0.14211599136949582,99.59838890553068
2026-07-29 13:20:00-03:00,PETR4.SA,42.15999984741211,42.16999816894531,42.09000015258789,42.130001068115234,256200,-0.07115460010780339,99.52752007019114
2026-07-29 13:25:00-03:00,PETR4.SA,42.130001068115234,42.15999984741211,42.099998474121094,42.099998474121094,139600,-0.071214320516233,99.4566422230465
2026-07-29 13:30:00-03:00,PETR4.SA,42.099998474121094,42.11000061035156,42.060001373291016,42.11000061035156,148900,0.023758044163857406,99.48027117602976
2026-07-29 13:35:00-03:00,PETR4.SA,42.09000015258789,42.119998931884766,42.09000015258789,42.099998474121094,118100,-0.023752401057930417,99.4566422230465
2026-07-29 13:40:00-03:00,PETR4.SA,42.099998474121094,42.099998474121094,42.09000015258789,42.09000015258789,56500,-0.02374898312490492,99.43302228186836
2026-07-29 13:45:00-03:00,PETR4.SA,42.09000015258789,42.119998931884766,42.08000183105469,42.099998474121094,128100,0.023754624606686647,99.4566422230465
2026-07-29 13:50:00-03:00,PETR4.SA,42.099998474121094,42.119998931884766,42.09000015258789,42.11000061035156,73800,0.023758044163857406,99.48027117602976
2026-07-29 13:55:00-03:00,PETR4.SA,42.11000061035156,42.130001068115234,42.09000015258789,42.11000061035156,140500,0.0,99.48027117602976
2026-07-29 14:00:00-03:00,PETR4.SA,42.099998474121094,42.11000061035156,42.08000183105469,42.09000015258789,82500,-0.04749574322912009,99.43302228186836
2026-07-29 14:05:00-03:00,PETR4.SA,42.09000015258789,42.119998931884766,42.08000183105469,42.11000061035156,71000,0.04751831240477067,99.48027117602976
2026-07-29 14:10:00-03:00,PETR4.SA,42.11000061035156,42.130001068115234,42.099998474121094,42.11000061035156,105200,0.0,99.48027117602976
2026-07-29 14:15:00-03:00,PETR4.SA,42.11000061035156,42.11000061035156,42.08000183105469,42.11000061035156,141400,0.0,99.48027117602976
2026-07-29 14:20:00-03:00,PETR4.SA,42.11000061035156,42.130001068115234,42.099998474121094,42.119998931884766,100400,0.023743342171189674,99.5038911172079
2026-07-29 14:25:00-03:00,PETR4.SA,42.11000061035156,42.13999938964844,42.09000015258789,42.09000015258789,165100,-0.0712221748756181,99.43302228186836
2026-07-29 14:30:00-03:00,PETR4.SA,42.09000015258789,42.099998474121094,42.0,42.02000045776367,457700,-0.16630956182097645,99.26765565820602
2026-07-29 14:35:00-03:00,PETR4.SA,42.02000045776367,42.060001373291016,41.970001220703125,41.97999954223633,223600,-0.0951949431022725,99.17315786988323
2026-07-29 14:40:00-03:00,PETR4.SA,41.97999954223633,42.0,41.95000076293945,41.959999084472656,168300,-0.047642825111393616,99.12590897572183
2026-07-29 14:45:00-03:00,PETR4.SA,41.959999084472656,41.9900016784668,41.900001525878906,41.90999984741211,492000,-0.11915929016083071,99.0077912462209
2026-07-29 14:50:00-03:00,PETR4.SA,41.91999816894531,41.959999084472656,41.900001525878906,41.95000076293945,153200,0.0954447999832464,99.10228903454369
2026-07-29 14:55:00-03:00,PETR4.SA,41.95000076293945,41.95000076293945,41.900001525878906,41.900001525878906,197700,-0.11918769046773692,98.98417130504275
2026-07-29 15:00:00-03:00,PETR4.SA,41.90999984741211,41.90999984741211,41.75,41.83000183105469,818500,-0.16706370471367693,98.81880468138043
2026-07-29 15:05:00-03:00,PETR4.SA,41.83000183105469,41.84000015258789,41.779998779296875,41.81999969482422,173100,-0.023911393240827472,98.79517572839717
2026-07-29 15:10:00-03:00,PETR4.SA,41.81999969482422,41.97999954223633,41.81999969482422,41.939998626708984,314100,0.2869414939274062,99.07866008156044
2026-07-29 15:15:00-03:00,PETR4.SA,41.93000030517578,42.029998779296875,41.880001068115234,42.02000045776367,205100,0.19075306073983445,99.26765565820602
2026-07-29 15:20:00-03:00,PETR4.SA,42.029998779296875,42.06999969482422,42.0,42.040000915527344,287300,0.0475974715511418,99.31490455236742
2026-07-29 15:25:00-03:00,PETR4.SA,42.04999923706055,42.060001373291016,42.0,42.0,109500,-0.09514965427265265,99.22040676404464
2026-07-29 15:30:00-03:00,PETR4.SA,42.0,42.09000015258789,41.970001220703125,42.0,272600,0.0,99.22040676404464
2026-07-29 15:35:00-03:00,PETR4.SA,42.0099983215332,42.02000045776367,41.95000076293945,41.97999954223633,131700,-0.047620137532555784,99.17315786988323
2026-07-29 15:40:00-03:00,PETR4.SA,41.9900016784668,42.02000045776367,41.97999954223633,42.02000045776367,182700,0.09528565022278723,99.26765565820602
2026-07-29 15:45:00-03:00,PETR4.SA,42.029998779296875,42.040000915527344,41.95000076293945,42.0,233800,-0.0475974715511418,99.22040676404464
2026-07-29 15:50:00-03:00,PETR4.SA,42.0,42.04999923706055,41.97999954223633,42.040000915527344,360600,0.09524027506511157,99.31490455236742
2026-07-29 15:55:00-03:00,PETR4.SA,42.040000915527344,42.040000915527344,41.959999084472656,41.9900016784668,210400,-0.11893253085558664,99.19678682286647
2026-07-29 16:00:00-03:00,PETR4.SA,42.0,42.099998474121094,41.970001220703125,42.060001373291016,390600,0.16670562521106103,99.36215344652881
2026-07-29 16:05:00-03:00,PETR4.SA,42.04999923706055,42.06999969482422,42.0,42.0,145200,-0.14265661277205188,99.22040676404464
2026-07-29 16:10:00-03:00,PETR4.SA,42.0,42.04999923706055,41.97999954223633,42.0099983215332,233400,0.023805527459996867,99.24402670522278
2026-07-29 16:15:00-03:00,PETR4.SA,42.0099983215332,42.09000015258789,42.0099983215332,42.029998779296875,358800,0.04760880400564993,99.29127559938416
2026-07-29 16:20:00-03:00,PETR4.SA,42.04999923706055,42.150001525878906,42.0099983215332,42.04999923706055,425600,0.047586148809330986,99.33852449354556
2026-07-29 16:25:00-03:00,PETR4.SA,42.040000915527344,42.119998931884766,42.02000045776367,42.08000183105469,416700,0.0713498086527764,99.4094023406902
2026-07-29 16:30:00-03:00,PETR4.SA,42.08000183105469,42.13999938964844,42.060001373291016,42.099998474121094,548500,0.04752053753869223,99.4566422230465
2026-07-29 16:35:00-03:00,PETR4.SA,42.099998474121094,42.130001068115234,42.0099983215332,42.029998779296875,700000,-0.166270064991203,99.29127559938416
2026-07-29 16:40:00-03:00,PETR4.SA,42.029998779296875,42.11000061035156,42.029998779296875,42.09000015258789,724800,0.14275844642797075,99.43302228186836
2026-07-29 16:45:00-03:00,PETR4.SA,42.09000015258789,42.16999816894531,42.08000183105469,42.15999984741211,834300,0.16630956182097645,99.59838890553068
2026-07-29 16:50:00-03:00,PETR4.SA,42.150001525878906,42.15999984741211,42.060001373291016,42.06999969482422,572700,-0.21347284846685577,99.38577338770696
2026-07-30 10:00:00-03:00,PETR4.SA,42.0,42.0,41.81999969482422,41.849998474121094,63200,-0.522940865935384,98.86604456373671
2026-07-30 10:05:00-03:00,PETR4.SA,41.84000015258789,41.9900016784668,41.83000183105469,41.90999984741211,313400,0.1433724623147059,99.0077912462209
2026-07-30 10:10:00-03:00,PETR4.SA,41.90999984741211,42.0,41.900001525878906,41.9900016784668,169400,0.190889599966515,99.19678682286647
2026-07-30 10:15:00-03:00,PETR4.SA,41.9900016784668,41.9900016784668,41.900001525878906,41.90999984741211,179500,-0.19052590582704365,99.0077912462209
2026-07-30 10:20:00-03:00,PETR4.SA,41.900001525878906,41.93000030517578,41.849998474121094,41.86000061035156,115100,-0.11930144892051686,98.88967351671997
2026-07-30 10:25:00-03:00,PETR4.SA,41.869998931884766,41.970001220703125,41.81999969482422,41.95000076293945,411700,0.2150027503000862,99.10228903454369
2026-07-30 10:30:00-03:00,PETR4.SA,41.93000030517578,42.20000076293945,41.88999938964844,42.18000030517578,691100,0.5482706509019275,99.64563779969208
2026-07-30 10:35:00-03:00,PETR4.SA,42.18000030517578,42.18000030517578,42.06999969482422,42.099998474121094,394900,-0.18966768723533978,99.4566422230465
2026-07-30 10:40:00-03:00,PETR4.SA,42.099998474121094,42.130001068115234,41.97999954223633,41.97999954223633,324400,-0.2850331026936437,99.17315786988323
2026-07-30 10:45:00-03:00,PETR4.SA,41.9900016784668,42.130001068115234,41.9900016784668,42.08000183105469,187600,0.23821412555697918,99.4094023406902
2026-07-30 10:50:00-03:00,PETR4.SA,42.08000183105469,42.09000015258789,41.95000076293945,41.97999954223633,603800,-0.23764801441752414,99.17315786988323
2026-07-30 10:55:00-03:00,PETR4.SA,41.97999954223633,42.040000915527344,41.869998931884766,42.02000045776367,368800,0.09528565022278723,99.26765565820602
2026-07-30 11:00:00-03:00,PETR4.SA,42.02000045776367,42.11000061035156,42.0,42.08000183105469,231900,0.1427924146534032,99.4094023406902
2026-07-30 11:05:00-03:00,PETR4.SA,42.09000015258789,42.150001525878906,42.029998779296875,42.029998779296875,307000,-0.11882853988116615,99.29127559938416
2026-07-30 11:10:00-03:00,PETR4.SA,42.029998779296875,42.11000061035156,42.0,42.11000061035156,129300,0.19034459523727953,99.48027117602976
2026-07-30 11:15:00-03:00,PETR4.SA,42.11000061035156,42.150001525878906,42.09000015258789,42.150001525878906,117200,0.09499148645824018,99.57476896435254
2026-07-30 11:20:00-03:00,PETR4.SA,42.150001525878906,42.150001525878906,42.06999969482422,42.11000061035156,134500,-0.09490133826633995,99.48027117602976
2026-07-30 11:25:00-03:00,PETR4.SA,42.11000061035156,42.119998931884766,42.04999923706055,42.060001373291016,77800,-0.11873482862941875,99.36215344652881
2026-07-30 11:30:00-03:00,PETR4.SA,42.060001373291016,42.130001068115234,42.04999923706055,42.06999969482422,160200,0.023771567300889807,99.38577338770696
2026-07-30 11:35:00-03:00,PETR4.SA,42.06999969482422,42.15999984741211,42.06999969482422,42.119998931884766,185000,0.11884772384891384,99.5038911172079
2026-07-30 11:40:00-03:00,PETR4.SA,42.119998931884766,42.119998931884766,42.06999969482422,42.11000061035156,75100,-0.023737706046411677,99.48027117602976
2026-07-30 11:45:00-03:00,PETR4.SA,42.11000061035156,42.13999938964844,42.099998474121094,42.13999938964844,58900,0.07123908540029866,99.55114001136928
2026-07-24 10:00:00-03:00,VALE3.SA,75.16000366210938,75.25,75.01000213623047,75.16000366210938,0,,100.0
2026-07-24 10:05:00-03:00,VALE3.SA,75.19000244140625,75.25,75.04000091552734,75.05999755859375,93200,-0.13305760862547533,99.86694239137452
2026-07-24 10:10:00-03:00,VALE3.SA,75.05000305175781,75.1500015258789,75.04000091552734,75.1500015258789,75700,0.1199093661239381,99.98669220896338
2026-07-24 10:15:00-03:00,VALE3.SA,75.1500015258789,75.23999786376953,75.08000183105469,75.16999816894531,86200,0.026608972269315245,100.01329764016627
2026-07-24 10:20:00-03:00,VALE3.SA,75.18000030517578,75.30000305175781,75.13999938964844,75.25,51000,0.10642787415648947,100.1197396667185
2026-07-24 10:25:00-03:00,VALE3.SA,75.22000122070312,75.25,75.06999969482422,75.06999969482422,61200,-0.23920306335651897,99.88025018241115
2026-07-24 10:30:00-03:00,VALE3.SA,75.06999969482422,75.2300033569336,74.93000030517578,75.22000122070312,197800,0.19981554081349717,100.079826444479
2026-07-24 10:35:00-03:00,VALE3.SA,75.25,75.37999725341797,75.16000366210938,75.22000122070312,232600,0.0,100.079826444479
2026-07-24 10:40:00-03:00,VALE3.SA,75.19999694824219,75.33000183105469,75.1500015258789,75.26000213623047,61700,0.05317856272026855,100.13304745775513
2026-07-24 10:45:00-03:00,VALE3.SA,75.26000213623047,75.31999969482422,75.22000122070312,75.25,67500,-0.013290108884611573,100.1197396667185
2026-07-24 10:50:00-03:00,VALE3.SA,75.26000213623047,75.2699966430664,75.05999755859375,75.06999969482422,99700,-0.23920306335651897,99.88025018241115
2026-07-24 10:55:00-03:00,VALE3.SA,75.05999755859375,75.13999938964844,74.97000122070312,75.04000091552734,100300,-0.03996107555458428,99.84033696017164
2026-07-24 11:00:00-03:00,VALE3.SA,75.05000305175781,75.22000122070312,75.05000305175781,75.1500015258789,72400,0.1465892977205563,99.98669220896338
2026-07-24 11:05:00-03:00,VALE3.SA,75.13999938964844,75.20999908447266,75.04000091552734,75.19000244140625,53700,0.05322809676000517,100.0399132222395
2026-07-24 11:10:00-03:00,VALE3.SA,75.19999694824219,75.3499984741211,75.16000366210938,75.16999816894531,180000,-0.02660496317515859,100.01329764016627
2026-07-24 11:15:00-03:00,VALE3.SA,75.18000030517578,75.19999694824219,75.08000183105469,75.13999938964844,99400,-0.03990791542850536,99.97338441792675
2026-07-24 11:20:00-03:00,VALE3.SA,75.12999725341797,75.31999969482422,75.08000183105469,75.16999816894531,64300,0.03992384820408201,100.01329764016627
2026-07-24 11:25:00-03:00,VALE3.SA,75.16000366210938,75.20999908447266,75.08000183105469,75.12999725341797,75900,-0.05321393707824473,99.96007662689014
2026-07-24 11:30:00-03:00,VALE3.SA,75.12000274658203,75.1500015258789,74.94999694824219,75.08000183105469,184800,-0.06654522053907153,99.89355797344776
2026-07-24 11:35:00-03:00,VALE3.SA,75.08000183105469,75.18000030517578,75.02999877929688,75.02999877929688,56300,-0.06659969437711188,99.82702916913502
2026-07-24 11:40:00-03:00,VALE3.SA,75.04000091552734,75.12000274658203,75.01000213623047,75.12000274658203,59800,0.1199573087424799,99.94677898672388
2026-07-24 11:45:00-03:00,VALE3.SA,75.12000274658203,75.12999725341797,75.02999877929688,75.12999725341797,40600,0.013304721073637005,99.96007662689014
2026-07-24 11:50:00-03:00,VALE3.SA,75.12000274658203,75.2300033569336,75.11000061035156,75.20999908447266,79800,0.10648453877195596,100.06651865344239
2026-07-24 11:55:00-03:00,VALE3.SA,75.20999908447266,75.30000305175781,75.19000244140625,75.19000244140625,77100,-0.026587745392669948,100.0399132222395
2026-07-24 12:00:00-03:00,VALE3.SA,75.19999694824219,75.20999908447266,75.01000213623047,75.01000213623047,61600,-0.2393939344742635,99.80042373793214
2026-07-24 12:05:00-03:00,VALE3.SA,75.01000213623047,75.0199966430664,74.9000015258789,74.93000030517578,626500,-0.10665488438380555,99.69398171137989
2026-07-24 12:10:00-03:00,VALE3.SA,74.91999816894531,75.22000122070312,74.83999633789062,75.19999694824219,425900,0.36033183233252775,100.05321086240578
2026-07-24 12:15:00-03:00,VALE3.SA,75.19000244140625,75.37999725341797,75.16000366210938,75.29000091552734,256100,0.11968613156607688,100.17296067999462
2026-07-24 12:20:00-03:00,VALE3.SA,75.26000213623047,75.41000366210938,75.25,75.37999725341797,102100,0.11953292176420938,100.29270034671313
2026-07-24 12:25:00-03:00,VALE3.SA,75.37999725341797,75.45999908447266,75.37999725341797,75.4000015258789,84700,0.02653790553173163,100.31931592878635
2026-07-24 12:30:00-03:00,VALE3.SA,75.4000015258789,75.44999694824219,75.3499984741211,75.37000274658203,83300,-0.03978617863367173,100.27940270654688
2026-07-24 12:35:00-03:00,VALE3.SA,75.37999725341797,75.5,75.37000274658203,75.5,104200,0.17247876964401332,100.45236338654149
2026-07-24 12:40:00-03:00,VALE3.SA,75.5,75.5,75.33000183105469,75.36000061035156,81000,-0.18542965516349375,100.26609491551024
2026-07-24 12:45:00-03:00,VALE3.SA,75.36000061035156,75.37000274658203,75.30000305175781,75.30999755859375,34100,-0.06635224436415399,100.19956611119751
2026-07-24 12:50:00-03:00,VALE3.SA,75.31999969482422,75.37999725341797,75.30999755859375,75.37000274658203,62900,0.07967758588969254,100.27940270654688
2026-07-24 12:55:00-03:00,VALE3.SA,75.36000061035156,75.38999938964844,75.30999755859375,75.3499984741211,76600,-0.026541424614512366,100.25278712447363
2026-07-24 13:00:00-03:00,VALE3.SA,75.33999633789062,75.41000366210938,75.29000091552734,75.41000366210938,40000,0.07963528759578065,100.33262371982299
2026-07-24 13:05:00-03:00,VALE3.SA,75.41000366210938,75.45999908447266,75.38999938964844,75.44999694824219,71900,0.05303445722135702,100.38583458222874
2026-07-24 13:10:00-03:00,VALE3.SA,75.43000030517578,75.5,75.37000274658203,75.37999725341797,58700,-0.09277627257193721,100.29270034671313
2026-07-24 13:15:00-03:00,VALE3.SA,75.38999938964844,75.43000030517578,75.36000061035156,75.37999725341797,65900,0.0,100.29270034671313
2026-07-24 13:20:00-03:00,VALE3.SA,75.37999725341797,75.44000244140625,75.37000274658203,75.41999816894531,35800,0.053065689818043715,100.34592135998925
2026-07-24 13:25:00-03:00,VALE3.SA,75.41999816894531,75.51000213623047,75.41999816894531,75.48999786376953,77200,0.09281317491869334,100.43905559550488
2026-07-24 13:30:00-03:00,VALE3.SA,75.4800033569336,75.48999786376953,75.38999938964844,75.44000244140625,64000,-0.06622787624593895,100.3725369420625
2026-07-24 13:35:00-03:00,VALE3.SA,75.44999694824219,75.45999908447266,75.2699966430664,75.29000091552734,175300,-0.19883552627852907,100.17296067999462
2026-07-24 13:40:00-03:00,VALE3.SA,75.30000305175781,75.36000061035156,75.27999877929688,75.30000305175781,58200,0.013284813532798978,100.18626847103124
2026-07-24 13:45:00-03:00,VALE3.SA,75.30999755859375,75.31999969482422,75.20999908447266,75.2300033569336,77400,-0.09296107833635103,100.09313423551562
2026-07-24 13:50:00-03:00,VALE3.SA,75.2300033569336,75.23999786376953,75.16000366210938,75.19999694824219,117100,-0.03988622537877129,100.05321086240578
2026-07-24 13:55:00-03:00,VALE3.SA,75.19999694824219,75.27999877929688,75.18000030517578,75.25,53700,0.06649342258913116,100.1197396667185
2026-07-24 14:00:00-03:00,VALE3.SA,75.2699966430664,75.27999877929688,75.2300033569336,75.23999786376953,53300,-0.013291875389331853,100.10643187568189
2026-07-24 14:05:00-03:00,VALE3.SA,75.2300033569336,75.23999786376953,75.12000274658203,75.1500015258789,123900,-0.11961236103910089,99.98669220896338
2026-07-24 14:10:00-03:00,VALE3.SA,75.16000366210938,75.22000122070312,75.1500015258789,75.20999908447266,36500,0.07983706902932042,100.06651865344239
2026-07-24 14:15:00-03:00,VALE3.SA,75.19999694824219,75.2300033569336,75.16000366210938,75.18000030517578,29400,-0.03988669015031476,100.02660543120288
2026-07-24 14:20:00-03:00,VALE3.SA,75.18000030517578,75.19999694824219,75.16999816894531,75.19000244140625,22400,0.013304251383172705,100.0399132222395
2026-07-24 14:25:00-03:00,VALE3.SA,75.19999694824219,75.2699966430664,75.19999694824219,75.23999786376953,57500,0.06649211429703428,100.10643187568189
2026-07-24 14:30:00-03:00,VALE3.SA,75.23999786376953,75.2699966430664,75.0999984741211,75.19000244140625,109100,-0.06644793166236118,100.0399132222395
2026-07-24 14:35:00-03:00,VALE3.SA,75.19999694824219,75.22000122070312,75.0999984741211,75.1500015258789,70900,-0.05319977952988886,99.98669220896338
2026-07-24 14:40:00-03:00,VALE3.SA,75.1500015258789,75.16000366210938,75.06999969482422,75.16000366210938,71100,0.013309562245344964,100.0
2026-07-24 14:45:00-03:00,VALE3.SA,75.16000366210938,75.26000213623047,75.13999938964844,75.2300033569336,54100,0.09313423551562394,100.09313423551562
2026-07-24 14:50:00-03:00,VALE3.SA,75.2300033569336,75.27999877929688,75.18000030517578,75.23999786376953,84100,0.013285267034368609,100.10643187568189
2026-07-24 14:55:00-03:00,VALE3.SA,75.2300033569336,75.2699966430664,75.2300033569336,75.23999786376953,20500,0.0,100.10643187568189
2026-07-24 15:00:00-03:00,VALE3.SA,75.23999786376953,75.31999969482422,75.23999786376953,75.31999969482422,19700,0.10632885875347942,100.21287390223412
2026-07-24 15:05:00-03:00,VALE3.SA,75.30999755859375,75.36000061035156,75.2699966430664,75.33000183105469,60700,0.013279522399090027,100.22618169327076
2026-07-24 15:10:00-03:00,VALE3.SA,75.33000183105469,75.33999633789062,75.31999969482422,75.33000183105469,17700,0.0,100.22618169327076
2026-07-24 15:15:00-03:00,VALE3.SA,75.33000183105469,75.33999633789062,75.29000091552734,75.29000091552734,42400,-0.053100908741587904,100.17296067999462
2026-07-24 15:20:00-03:00,VALE3.SA,75.29000091552734,75.30999755859375,75.2699966430664,75.2699966430664,22700,-0.026569627065597956,100.1463450979214
2026-07-24 15:25:00-03:00,VALE3.SA,75.2699966430664,75.33000183105469,75.25,75.29000091552734,79900,0.026576688392587755,100.17296067999462
2026-07-24 15:30:00-03:00,VALE3.SA,75.27999877929688,75.30000305175781,75.25,75.2699966430664,35300,-0.026569627065597956,100.1463450979214
2026-07-24 15:35:00-03:00,VALE3.SA,75.2699966430664,75.44999694824219,75.26000213623047,75.3499984741211,100800,0.10628648149682007,100.25278712447363
2026-07-24 15:40:00-03:00,VALE3.SA,75.33000183105469,75.41000366210938,75.30999755859375,75.37999725341797,69700,0.03981258116041442,100.29270034671313
2026-07-24 15:45:00-03:00,VALE3.SA,75.37000274658203,75.5199966430664,75.37000274658203,75.45999908447266,41600,0.10613137963606523,100.39914237326538
2026-07-24 15:50:00-03:00,VALE3.SA,75.44999694824219,75.47000122070312,75.38999938964844,75.41999816894531,60600,-0.05300943017845228,100.34592135998925
2026-07-24 15:55:00-03:00,VALE3.SA,75.41999816894531,75.48999786376953,75.38999938964844,75.44999694824219,70000,0.03977562983981109,100.38583458222874
2026-07-24 16:00:00-03:00,VALE3.SA,75.44999694824219,75.4800033569336,75.43000030517578,75.44999694824219,77600,0.0,100.38583458222874
2026-07-24 16:05:00-03:00,VALE3.SA,75.44999694824219,75.47000122070312,75.38999938964844,75.38999938964844,59800,-0.07951963024585007,100.30600813774974
2026-07-24 16:10:00-03:00,VALE3.SA,75.38999938964844,75.44999694824219,75.33000183105469,75.36000061035156,115600,-0.039791457142512865,100.26609491551024
2026-07-24 16:15:00-03:00,VALE3.SA,75.36000061035156,75.41000366210938,75.33999633789062,75.4000015258789,73400,0.05307977070510006,100.31931592878635
2026-07-24 16:20:00-03:00,VALE3.SA,75.4000015258789,75.52999877929688,75.4000015258789,75.43000030517578,89900,0.03978617863367173,100.35922915102586
2026-07-24 16:25:00-03:00,VALE3.SA,75.43000030517578,75.5199966430664,75.37999725341797,75.5,109900,0.09280086774627883,100.45236338654149
2026-07-24 16:30:00-03:00,VALE3.SA,75.5,75.51000213623047,75.41999816894531,75.41999816894531,88700,-0.10596269013866122,100.34592135998925
2026-07-24 16:35:00-03:00,VALE3.SA,75.41999816894531,75.48999786376953,75.41000366210938,75.47000122070312,175100,0.06629946031793121,100.41245016430199
2026-07-24 16:40:00-03:00,VALE3.SA,75.47000122070312,75.4800033569336,75.33999633789062,75.37000274658203,242600,-0.1325009573388769,100.27940270654688
2026-07-24 16:45:00-03:00,VALE3.SA,75.37000274658203,75.38999938964844,75.30000305175781,75.30999755859375,173600,-0.07961415125595783,100.19956611119751
2026-07-24 16:50:00-03:00,VALE3.SA,75.30999755859375,75.37999725341797,75.22000122070312,75.36000061035156,123800,0.06639629979925399,100.26609491551024
2026-07-27 10:05:00-03:00,VALE3.SA,74.36000061035156,74.68000030517578,74.27999877929688,74.4000015258789,317800,-1.2738841251293542,98.98882104949442
2026-07-27 10:10:00-03:00,VALE3.SA,74.33999633789062,74.62999725341797,74.23999786376953,74.5,214000,0.13440654848146938,99.12186850724954
2026-07-27 10:15:00-03:00,VALE3.SA,74.48999786376953,74.5199966430664,74.33000183105469,74.43000030517578,114100,-0.09395932191170742,99.02873427173392
2026-07-27 10:20:00-03:00,VALE3.SA,74.44000244140625,74.63999938964844,74.41000366210938,74.61000061035156,94500,0.24183837758666726,99.26822375604128
2026-07-27 10:25:00-03:00,VALE3.SA,74.62000274658203,74.69999694824219,74.51000213623047,74.54000091552734,234500,-0.09382079379651742,99.17508952052567
2026-07-27 10:30:00-03:00,VALE3.SA,74.55000305175781,75.19999694824219,74.4800033569336,75.0999984741211,406500,0.7512711989745791,99.92016340465064
2026-07-27 10:35:00-03:00,VALE3.SA,75.12000274658203,75.19000244140625,74.91000366210938,74.98999786376953,94900,-0.14647218719913147,99.7738081558589
2026-07-27 10:40:00-03:00,VALE3.SA,75.0,75.37999725341797,74.93000030517578,75.25,215500,0.3467157536166443,100.1197396667185
2026-07-27 10:45:00-03:00,VALE3.SA,75.25,75.37000274658203,75.20999908447266,75.23999786376953,182000,-0.013291875389331853,100.10643187568189
2026-07-27 10:50:00-03:00,VALE3.SA,75.27999877929688,75.27999877929688,75.06999969482422,75.08000183105469,407600,-0.21264757742887053,99.89355797344776
2026-07-27 10:55:00-03:00,VALE3.SA,75.06999969482422,75.06999969482422,74.77999877929688,74.83999633789062,370000,-0.3196663389861465,99.57423189379104
2026-07-27 11:00:00-03:00,VALE3.SA,74.81999969482422,74.97000122070312,74.7300033569336,74.75,156200,-0.12025165993369002,99.45449222707254
2026-07-27 11:05:00-03:00,VALE3.SA,74.75,74.88999938964844,74.66000366210938,74.83999633789062,141700,0.12039643864967253,99.57423189379104
2026-07-27 11:10:00-03:00,VALE3.SA,74.83000183105469,74.9000015258789,74.77999877929688,74.9000015258789,61600,0.08017796756345508,99.65406848914039
2026-07-27 11:15:00-03:00,VALE3.SA,74.9000015258789,74.94000244140625,74.80999755859375,74.9000015258789,61100,0.0,99.65406848914039
2026-07-27 11:20:00-03:00,VALE3.SA,74.87999725341797,74.87999725341797,74.68000030517578,74.72000122070312,103200,-0.2403208297847459,99.41457900483303
2026-07-27 11:25:00-03:00,VALE3.SA,74.72000122070312,74.77999877929688,74.69000244140625,74.69000244140625,33500,-0.04014825857439064,99.37466578259352
2026-07-27 11:30:00-03:00,VALE3.SA,74.69000244140625,74.76000213623047,74.61000061035156,74.69000244140625,93000,0.0,99.37466578259352
2026-07-27 11:35:00-03:00,VALE3.SA,74.69000244140625,74.77999877929688,74.58000183105469,74.69000244140625,272800,0.0,99.37466578259352
2026-07-27 11:40:00-03:00,VALE3.SA,74.66999816894531,74.69999694824219,74.48999786376953,74.63999938964844,119400,-0.06694744962291166,99.30813697828079
2026-07-27 11:45:00-03:00,VALE3.SA,74.63999938964844,74.9800033569336,74.63999938964844,74.94000244140625,229500,0.40193335237275196,99.70728950241651
2026-07-27 11:50:00-03:00,VALE3.SA,74.94000244140625,75.19999694824219,74.9000015258789,75.18000030517578,197600,0.32025334394294447,100.02660543120288
2026-07-27 11:55:00-03:00,VALE3.SA,75.1500015258789,75.4000015258789,75.13999938964844,75.38999938964844,159800,0.27932839002422494,100.30600813774974
2026-07-27 12:00:00-03:00,VALE3.SA,75.37999725341797,75.41999816894531,75.31999969482422,75.33000183105469,116900,-0.07958291428503683,100.22618169327076
2026-07-27 12:05:00-03:00,VALE3.SA,75.31999969482422,75.3499984741211,75.2699966430664,75.2699966430664,74700,-0.07965642709375498,100.1463450979214
2026-07-27 12:10:00-03:00,VALE3.SA,75.2699966430664,75.37999725341797,75.19000244140625,75.22000122070312,125800,-0.06642144890793844,100.079826444479
2026-07-27 12:15:00-03:00,VALE3.SA,75.22000122070312,75.25,75.12000274658203,75.1500015258789,179100,-0.09305994906704251,99.98669220896338
2026-07-27 12:20:00-03:00,VALE3.SA,75.1500015258789,75.2699966430664,75.05000305175781,75.08999633789062,129100,-0.0798472212507062,99.90685561361403
2026-07-27 12:25:00-03:00,VALE3.SA,75.05000305175781,75.06999969482422,74.9800033569336,75.0,86300,-0.11985130147783574,99.78711594689553
2026-07-27 12:30:00-03:00,VALE3.SA,75.01000213623047,75.0199966430664,74.9000015258789,74.91000366210938,53400,-0.11999511718749911,99.66737628017701
2026-07-27 12:35:00-03:00,VALE3.SA,74.9000015258789,74.98999786376953,74.9000015258789,74.95999908447266,43300,0.06674064867062679,99.7338949336194
2026-07-27 12:40:00-03:00,VALE3.SA,74.95999908447266,75.06999969482422,74.91999816894531,75.06999969482422,41100,0.14674574665829443,99.88025018241115
2026-07-27 12:45:00-03:00,VALE3.SA,75.06999969482422,75.08000183105469,74.9800033569336,75.0199966430664,44400,-0.06660856795136505,99.81372137809839
2026-07-27 12:50:00-03:00,VALE3.SA,74.9800033569336,75.08000183105469,74.9800033569336,75.0199966430664,67500,0.0,99.81372137809839
2026-07-27 12:55:00-03:00,VALE3.SA,75.02999877929688,75.08999633789062,75.0,75.05999755859375,85100,0.053320337666318274,99.86694239137452
2026-07-27 13:00:00-03:00,VALE3.SA,75.05000305175781,75.08000183105469,75.01000213623047,75.04000091552734,46500,-0.0266408789192929,99.84033696017164
2026-07-27 13:05:00-03:00,VALE3.SA,75.05999755859375,75.16000366210938,75.05000305175781,75.11000061035156,83800,0.09328317426731125,99.93347119568726
2026-07-27 13:10:00-03:00,VALE3.SA,75.0999984741211,75.16999816894531,75.02999877929688,75.05000305175781,117300,-0.07987958741340062,99.85364475120826
2026-07-27 13:15:00-03:00,VALE3.SA,75.05000305175781,75.12000274658203,75.02999877929688,75.08999633789062,65000,0.053288853439803496,99.90685561361403
2026-07-27 13:20:00-03:00,VALE3.SA,75.08000183105469,75.18000030517578,75.08000183105469,75.12000274658203,66300,0.03996059416009334,99.94677898672388
2026-07-27 13:25:00-03:00,VALE3.SA,75.12000274658203,75.33000183105469,75.12000274658203,75.2699966430664,239700,0.19967237886076017,100.1463450979214
2026-07-27 13:30:00-03:00,VALE3.SA,75.29000091552734,75.41999816894531,75.29000091552734,75.41999816894531,145300,0.19928461879734627,100.34592135998925
2026-07-27 13:35:00-03:00,VALE3.SA,75.41999816894531,75.56999969482422,75.41999816894531,75.45999908447266,124700,0.05303754507888225,100.39914237326538
2026-07-27 13:40:00-03:00,VALE3.SA,75.47000122070312,75.51000213623047,75.41000366210938,75.47000122070312,85200,0.013254885173363817,100.41245016430199
2026-07-27 13:45:00-03:00,VALE3.SA,75.47000122070312,75.5199966430664,75.4000015258789,75.41999816894531,204000,-0.06625553325696476,100.34592135998925
2026-07-27 13:50:00-03:00,VALE3.SA,75.41999816894531,75.44000244140625,75.25,75.2699966430664,75700,-0.19888826507644675,100.1463450979214
2026-07-27 13:55:00-03:00,VALE3.SA,75.2699966430664,75.27999877929688,75.12999725341797,75.16999816894531,54800,-0.13285303385264235,100.01329764016627
2026-07-27 14:00:00-03:00,VALE3.SA,75.16000366210938,75.16999816894531,75.01000213623047,75.05999755859375,93800,-0.14633578958500593,99.86694239137452
2026-07-27 14:05:00-03:00,VALE3.SA,75.05999755859375,75.12000274658203,75.0199966430664,75.11000061035156,52900,0.06661744389051538,99.93347119568726
2026-07-27 14:10:00-03:00,VALE3.SA,75.11000061035156,75.20999908447266,75.0999984741211,75.19999694824219,49800,0.11981938112008983,100.05321086240578
2026-07-27 14:15:00-03:00,VALE3.SA,75.19000244140625,75.2300033569336,75.08000183105469,75.12000274658203,118000,-0.10637527248200662,99.94677898672388
2026-07-27 14:20:00-03:00,VALE3.SA,75.08999633789062,75.19999694824219,75.08000183105469,75.16000366210938,60600,0.05324935312140955,100.0
2026-07-27 14:25:00-03:00,VALE3.SA,75.1500015258789,75.18000030517578,75.12999725341797,75.18000030517578,23600,0.026605431202875174,100.02660543120288
2026-07-27 14:30:00-03:00,VALE3.SA,75.16999816894531,75.2699966430664,75.16000366210938,75.26000213623047,50900,0.10641371472457362,100.13304745775513
2026-07-27 14:35:00-03:00,VALE3.SA,75.2699966430664,75.27999877929688,75.1500015258789,75.16000366210938,54800,-0.13287067669767172,100.0
2026-07-27 14:40:00-03:00,VALE3.SA,75.16000366210938,75.16000366210938,75.08000183105469,75.12000274658203,55100,-0.053221013276116835,99.94677898672388
2026-07-27 14:45:00-03:00,VALE3.SA,75.12000274658203,75.18000030517578,75.08999633789062,75.12999725341797,56300,0.013304721073637005,99.96007662689014
2026-07-27 14:50:00-03:00,VALE3.SA,75.12000274658203,75.16000366210938,75.11000061035156,75.16000366210938,53700,0.03993931823289554,100.0
2026-07-27 14:55:00-03:00,VALE3.SA,75.16000366210938,75.19999694824219,75.12999725341797,75.19000244140625,71900,0.03991322223950711,100.0399132222395
2026-07-27 15:00:00-03:00,VALE3.SA,75.19000244140625,75.25,75.1500015258789,75.16999816894531,78100,-0.02660496317515859,100.01329764016627
2026-07-27 15:05:00-03:00,VALE3.SA,75.16999816894531,75.19999694824219,75.13999938964844,75.16999816894531,41700,0.0,100.01329764016627
2026-07-27 15:10:00-03:00,VALE3.SA,75.16999816894531,75.20999908447266,75.13999938964844,75.19000244140625,44900,0.02661204329947875,100.0399132222395
2026-07-27 15:15:00-03:00,VALE3.SA,75.19999694824219,75.2300033569336,75.13999938964844,75.1500015258789,69500,-0.05319977952988886,99.98669220896338
2026-07-27 15:20:00-03:00,VALE3.SA,75.1500015258789,75.19999694824219,75.1500015258789,75.19999694824219,25500,0.06652750678397545,100.05321086240578
2026-07-27 15:25:00-03:00,VALE3.SA,75.19999694824219,75.2699966430664,75.19000244140625,75.22000122070312,50900,0.02660142722439307,100.079826444479
2026-07-27 15:30:00-03:00,VALE3.SA,75.22000122070312,75.25,75.19999694824219,75.20999908447266,55900,-0.013297176373505692,100.06651865344239
2026-07-27 15:35:00-03:00,VALE3.SA,75.20999908447266,75.25,75.1500015258789,75.25,41400,0.053185634907948476,100.1197396667185
2026-07-27 15:40:00-03:00,VALE3.SA,75.25,75.31999969482422,75.2300033569336,75.2699966430664,96000,0.026573612048386153,100.1463450979214
2026-07-27 15:45:00-03:00,VALE3.SA,75.2699966430664,75.29000091552734,75.26000213623047,75.29000091552734,37000,0.026576688392587755,100.17296067999462
2026-07-27 15:50:00-03:00,VALE3.SA,75.29000091552734,75.44000244140625,75.27999877929688,75.4000015258789,119900,0.14610254882980733,100.31931592878635
2026-07-27 15:55:00-03:00,VALE3.SA,75.38999938964844,75.41000366210938,75.3499984741211,75.37000274658203,75500,-0.03978617863367173,100.27940270654688
2026-07-27 16:00:00-03:00,VALE3.SA,75.38999938964844,75.44999694824219,75.36000061035156,75.37999725341797,78500,0.01326058971968802,100.29270034671313
2026-07-27 16:05:00-03:00,VALE3.SA,75.37999725341797,75.4000015258789,75.26000213623047,75.37999725341797,101900,0.0,100.29270034671313
2026-07-27 16:10:00-03:00,VALE3.SA,75.37999725341797,75.45999908447266,75.36000061035156,75.44999694824219,88100,0.09286242687021051,100.38583458222874
2026-07-27 16:15:00-03:00,VALE3.SA,75.44000244140625,75.51000213623047,75.44000244140625,75.47000122070312,110200,0.026513284652174285,100.41245016430199
2026-07-27 16:20:00-03:00,VALE3.SA,75.4800033569336,75.54000091552734,75.45999908447266,75.54000091552734,89700,0.09275168105471465,100.50558439981761
2026-07-27 16:25:00-03:00,VALE3.SA,75.52999877929688,75.54000091552734,75.48999786376953,75.5,52700,-0.05295328970418289,100.45236338654149
2026-07-27 16:30:00-03:00,VALE3.SA,75.51000213623047,75.5199966430664,75.44999694824219,75.45999908447266,114400,-0.05298134506932506,100.39914237326538
2026-07-27 16:35:00-03:00,VALE3.SA,75.45999908447266,75.62000274658203,75.44999694824219,75.61000061035156,213300,0.1987828355404453,100.59871863533323
2026-07-27 16:40:00-03:00,VALE3.SA,75.5999984741211,75.6500015258789,75.58000183105469,75.61000061035156,125300,0.0,100.59871863533323
2026-07-27 16:45:00-03:00,VALE3.SA,75.61000061035156,75.68000030517578,75.56999969482422,75.68000030517578,94200,0.09257994214939558,100.69185287084885
2026-07-27 16:50:00-03:00,VALE3.SA,75.68000030517578,75.72000122070312,75.63999938964844,75.72000122070312,115300,0.05285533214329785,100.74507388412496
2026-07-28 10:00:00-03:00,VALE3.SA,76.0999984741211,76.25,75.86000061035156,76.05000305175781,238300,0.43581857598340434,101.1841396305002
2026-07-28 10:05:00-03:00,VALE3.SA,76.05000305175781,76.16000366210938,75.80999755859375,75.95999908447266,254000,-0.11834840719717743,101.06438981291134
2026-07-28 10:10:00-03:00,VALE3.SA,75.93000030517578,76.0199966430664,75.73999786376953,75.94999694824219,168000,-0.01316763605979654,101.05108202187472
2026-07-28 10:15:00-03:00,VALE3.SA,75.93000030517578,75.97000122070312,75.69000244140625,75.70999908447266,116300,-0.3159945667056241,100.73176609308835
2026-07-28 10:20:00-03:00,VALE3.SA,75.69000244140625,75.80999755859375,75.47000122070312,75.52999877929688,194600,-0.237749712524693,100.492276608781
2026-07-28 10:25:00-03:00,VALE3.SA,75.52999877929688,75.54000091552734,75.1500015258789,75.16000366210938,247200,-0.48986511739348426,100.0
2026-07-28 10:30:00-03:00,VALE3.SA,75.19999694824219,75.5999984741211,75.0,75.5199966430664,291200,0.47896881774436295,100.47896881774436
2026-07-28 10:35:00-03:00,VALE3.SA,75.52999877929688,75.62000274658203,75.11000061035156,75.1500015258789,235800,-0.48992999686722216,99.98669220896338
2026-07-28 10:40:00-03:00,VALE3.SA,75.18000030517578,75.29000091552734,75.02999877929688,75.2300033569336,177100,0.10645619352001034,100.09313423551562
2026-07-28 10:45:00-03:00,VALE3.SA,75.25,75.3499984741211,75.08000183105469,75.33999633789062,291700,0.14620892735464075,100.239479333437
2026-07-28 10:50:00-03:00,VALE3.SA,75.33000183105469,75.38999938964844,75.18000030517578,75.3499984741211,187700,0.013275997765660463,100.25278712447363
2026-07-28 10:55:00-03:00,VALE3.SA,75.33999633789062,75.33999633789062,75.19999694824219,75.23999786376953,56300,-0.14598621443813187,100.10643187568189
2026-07-28 11:00:00-03:00,VALE3.SA,75.25,75.5,75.25,75.48999786376953,153900,0.3322700785460597,100.43905559550488
2026-07-28 11:05:00-03:00,VALE3.SA,75.44999694824219,75.5999984741211,75.44000244140625,75.52999877929688,162500,0.05298836489509018,100.492276608781
2026-07-28 11:10:00-03:00,VALE3.SA,75.55999755859375,75.6500015258789,75.44999694824219,75.45999908447266,170700,-0.09267800338348398,100.39914237326538
2026-07-28 11:15:00-03:00,VALE3.SA,75.5,75.55000305175781,75.30000305175781,75.31999969482422,138300,-0.18552795036708147,100.21287390223412
2026-07-28 11:20:00-03:00,VALE3.SA,75.33000183105469,75.33000183105469,75.08999633789062,75.0999984741211,159900,-0.29208871693375826,99.92016340465064
2026-07-28 11:25:00-03:00,VALE3.SA,75.0999984741211,75.33999633789062,75.05000305175781,75.31999969482422,162100,0.29294437439826293,100.21287390223412
2026-07-28 11:30:00-03:00,VALE3.SA,75.30999755859375,75.3499984741211,75.1500015258789,75.19000244140625,141500,-0.17259327395735546,100.0399132222395
2026-07-28 11:35:00-03:00,VALE3.SA,75.1500015258789,75.29000091552734,75.13999938964844,75.19000244140625,117800,0.0,100.0399132222395
2026-07-28 11:40:00-03:00,VALE3.SA,75.19000244140625,75.26000213623047,75.13999938964844,75.2300033569336,61100,0.05319977952988886,100.09313423551562
2026-07-28 11:45:00-03:00,VALE3.SA,75.2300033569336,75.3499984741211,75.16999816894531,75.3499984741211,89700,0.15950433581422008,100.25278712447363
2026-07-28 11:50:00-03:00,VALE3.SA,75.33999633789062,75.37000274658203,75.13999938964844,75.1500015258789,149400,-0.2654239579193529,99.98669220896338
2026-07-28 11:55:00-03:00,VALE3.SA,75.1500015258789,75.1500015258789,75.05999755859375,75.08000183105469,149400,-0.09314663127466538,99.89355797344776
2026-07-28 12:00:00-03:00,VALE3.SA,75.06999969482422,75.20999908447266,75.06999969482422,75.12000274658203,114100,0.053277723164346646,99.94677898672388
2026-07-28 12:05:00-03:00,VALE3.SA,75.11000061035156,75.19999694824219,75.0999984741211,75.19999694824219,46300,0.10648854996719859,100.05321086240578
2026-07-28 12:10:00-03:00,VALE3.SA,75.19000244140625,75.27999877929688,75.12999725341797,75.2300033569336,134100,0.03990214083660071,100.09313423551562
2026-07-28 12:15:00-03:00,VALE3.SA,75.22000122070312,75.22000122070312,75.08999633789062,75.19999694824219,107800,-0.03988622537877129,100.05321086240578
2026-07-28 12:20:00-03:00,VALE3.SA,75.19999694824219,75.33000183105469,75.19999694824219,75.29000091552734,120200,0.11968613156607688,100.17296067999462
2026-07-28 12:25:00-03:00,VALE3.SA,75.29000091552734,75.33000183105469,75.26000213623047,75.27999877929688,81300,-0.013284813532798978,100.15965288895801
2026-07-28 12:30:00-03:00,VALE3.SA,75.27999877929688,75.3499984741211,75.27999877929688,75.27999877929688,117100,0.0,100.15965288895801
2026-07-28 12:35:00-03:00,VALE3.SA,75.30000305175781,75.36000061035156,75.26000213623047,75.33999633789062,78200,0.07969920239989658,100.239479333437
2026-07-28 12:40:00-03:00,VALE3.SA,75.36000061035156,75.48999786376953,75.33000183105469,75.47000122070312,416400,0.1725575910960231,100.41245016430199
2026-07-28 12:45:00-03:00,VALE3.SA,75.4800033569336,75.58000183105469,75.43000030517578,75.52999877929688,233100,0.0794985525683245,100.492276608781
2026-07-28 12:50:00-03:00,VALE3.SA,75.55000305175781,75.56999969482422,75.45999908447266,75.55000305175781,123200,0.026485201620873866,100.51889219085423
2026-07-28 12:55:00-03:00,VALE3.SA,75.56999969482422,75.75,75.55000305175781,75.73999786376953,223100,0.25148220296107304,100.77167931532784
2026-07-28 13:00:00-03:00,VALE3.SA,75.7300033569336,75.87999725341797,75.69999694824219,75.73999786376953,115100,0.0,100.77167931532784
2026-07-28 13:05:00-03:00,VALE3.SA,75.72000122070312,75.76000213623047,75.61000061035156,75.72000122070312,112900,-0.02640169478532739,100.74507388412496
2026-07-28 13:10:00-03:00,VALE3.SA,75.70999908447266,75.83999633789062,75.69000244140625,75.83000183105469,72300,0.14527285866112738,100.89142913291671
2026-07-28 13:15:00-03:00,VALE3.SA,75.83999633789062,75.8499984741211,75.7300033569336,75.75,70200,-0.10550155495568925,100.78498710636448
2026-07-28 13:20:00-03:00,VALE3.SA,75.75,75.77999877929688,75.69000244140625,75.70999908447266,35100,-0.05280648914500752,100.73176609308835
2026-07-28 13:25:00-03:00,VALE3.SA,75.70999908447266,75.75,75.70999908447266,75.75,33400,0.05283438913097349,100.78498710636448
2026-07-28 13:30:00-03:00,VALE3.SA,75.75,75.79000091552734,75.70999908447266,75.76000213623047,51100,0.013204140238243234,100.79829489740109
2026-07-28 13:35:00-03:00,VALE3.SA,75.76000213623047,75.80000305175781,75.69999694824219,75.70999908447266,60500,-0.06600191439791736,100.73176609308835
2026-07-28 13:40:00-03:00,VALE3.SA,75.69999694824219,75.75,75.66999816894531,75.66999816894531,52600,-0.05283438913097349,100.67854507981224
2026-07-28 13:45:00-03:00,VALE3.SA,75.66999816894531,75.68000030517578,75.58999633789062,75.66999816894531,65800,0.0,100.67854507981224
2026-07-28 13:50:00-03:00,VALE3.SA,75.68000030517578,75.7699966430664,75.66999816894531,75.7699966430664,54000,0.1321507553070589,100.81159253756735
2026-07-28 13:55:00-03:00,VALE3.SA,75.75,75.76000213623047,75.69999694824219,75.75,50900,-0.02639124185342956,100.78498710636448
2026-07-28 14:00:00-03:00,VALE3.SA,75.75,75.81999969482422,75.72000122070312,75.75,74200,0.0,100.78498710636448
2026-07-28 14:05:00-03:00,VALE3.SA,75.76000213623047,75.80000305175781,75.70999908447266,75.72000122070312,58200,-0.039602348906764284,100.74507388412496
2026-07-28 14:10:00-03:00,VALE3.SA,75.72000122070312,75.77999877929688,75.69999694824219,75.76000213623047,47400,0.05282741004024594,100.79829489740109
2026-07-28 14:15:00-03:00,VALE3.SA,75.76000213623047,75.77999877929688,75.70999908447266,75.73999786376953,45400,-0.026404793950463024,100.77167931532784
2026-07-28 14:20:00-03:00,VALE3.SA,75.73999786376953,75.79000091552734,75.69999694824219,75.72000122070312,87500,-0.02640169478532739,100.74507388412496
2026-07-28 14:25:00-03:00,VALE3.SA,75.69999694824219,75.73999786376953,75.66000366210938,75.70999908447266,65400,-0.013209371459621533,100.73176609308835
2026-07-28 14:30:00-03:00,VALE3.SA,75.69999694824219,75.80000305175781,75.69999694824219,75.80000305175781,35900,0.11887989482701755,100.85151591067721
2026-07-28 14:35:00-03:00,VALE3.SA,75.7699966430664,75.79000091552734,75.54000091552734,75.58999633789062,87900,-0.2770537010714724,100.57210305325998
2026-07-28 14:40:00-03:00,VALE3.SA,75.58999633789062,75.61000061035156,75.48999786376953,75.48999786376953,73900,-0.13229061908416329,100.43905559550488
2026-07-28 14:45:00-03:00,VALE3.SA,75.5,75.55000305175781,75.43000030517578,75.55000305175781,95900,0.07948760059122151,100.51889219085423
2026-07-28 14:50:00-03:00,VALE3.SA,75.55000305175781,75.5999984741211,75.5,75.5,57300,-0.066185373577754,100.45236338654149
2026-07-28 14:55:00-03:00,VALE3.SA,75.51000213623047,75.61000061035156,75.4800033569336,75.5999984741211,80300,0.13244831009415758,100.58541084429662
2026-07-28 15:00:00-03:00,VALE3.SA,75.61000061035156,75.61000061035156,75.54000091552734,75.58000183105469,71600,-0.026450586600546,100.55880541309372
2026-07-28 15:05:00-03:00,VALE3.SA,75.58000183105469,75.5999984741211,75.55000305175781,75.58000183105469,38100,0.0,100.55880541309372
2026-07-28 15:10:00-03:00,VALE3.SA,75.58000183105469,75.61000061035156,75.52999877929688,75.56999969482422,94900,-0.013233839624438026,100.54549762205711
2026-07-28 15:15:00-03:00,VALE3.SA,75.56999969482422,75.68000030517578,75.55999755859375,75.68000030517578,68000,0.14556121582081083,100.69185287084885
2026-07-28 15:20:00-03:00,VALE3.SA,75.66000366210938,75.68000030517578,75.5999984741211,75.61000061035156,57500,-0.09249431096980398,100.59871863533323
2026-07-28 15:25:00-03:00,VALE3.SA,75.61000061035156,75.66000366210938,75.54000091552734,75.54000091552734,73400,-0.09257994214939558,100.50558439981761
2026-07-28 15:30:00-03:00,VALE3.SA,75.55000305175781,75.5999984741211,75.54000091552734,75.56999969482422,75500,0.03971244232632287,100.54549762205711
2026-07-28 15:35:00-03:00,VALE3.SA,75.58999633789062,75.58999633789062,75.5,75.51000213623047,59200,-0.0793933556120674,100.4656711775781
2026-07-28 15:40:00-03:00,VALE3.SA,75.51000213623047,75.51000213623047,75.44999694824219,75.47000122070312,53700,-0.052974327103283425,100.41245016430199
2026-07-28 15:45:00-03:00,VALE3.SA,75.48999786376953,75.5,75.41999816894531,75.41999816894531,88400,-0.06625553325696476,100.34592135998925
2026-07-28 15:50:00-03:00,VALE3.SA,75.41999816894531,75.48999786376953,75.41999816894531,75.44000244140625,77000,0.026523830478120125,100.3725369420625
2026-07-28 15:55:00-03:00,VALE3.SA,75.44000244140625,75.48999786376953,75.41999816894531,75.44000244140625,76500,0.0,100.3725369420625
2026-07-28 16:00:00-03:00,VALE3.SA,75.44000244140625,75.51000213623047,75.41999816894531,75.51000213623047,95400,0.09278856383732048,100.4656711775781
2026-07-28 16:05:00-03:00,VALE3.SA,75.5199966430664,75.55999755859375,75.5,75.51000213623047,68900,0.0,100.4656711775781
2026-07-28 16:10:00-03:00,VALE3.SA,75.5,75.55999755859375,75.5,75.52999877929688,64200,0.026482111641756845,100.492276608781
2026-07-28 16:15:00-03:00,VALE3.SA,75.52999877929688,75.58999633789062,75.52999877929688,75.58000183105469,58300,0.06620290290739739,100.55880541309372
2026-07-28 16:20:00-03:00,VALE3.SA,75.58999633789062,75.63999938964844,75.58000183105469,75.62999725341797,87400,0.0661490091982797,100.62532406653611
2026-07-28 16:25:00-03:00,VALE3.SA,75.63999938964844,75.66999816894531,75.58999633789062,75.66000366210938,122700,0.03967527407262583,100.66524743964598
2026-07-28 16:30:00-03:00,VALE3.SA,75.66000366210938,75.66999816894531,75.55000305175781,75.62000274658203,170300,-0.052869301600866336,100.61202642636987
2026-07-28 16:35:00-03:00,VALE3.SA,75.62000274658203,75.69000244140625,75.55999755859375,75.69000244140625,83200,0.09256769674923504,100.70516066188546
2026-07-28 16:40:00-03:00,VALE3.SA,75.55000305175781,75.56999969482422,75.52999877929688,75.55000305175781,1002700,-0.1849641764205434,100.51889219085423
2026-07-28 16:45:00-03:00,VALE3.SA,75.54000091552734,75.61000061035156,75.47000122070312,75.5,587100,-0.066185373577754,100.45236338654149
2026-07-28 16:50:00-03:00,VALE3.SA,75.5,75.56999969482422,75.41000366210938,75.5,289700,0.0,100.45236338654149
2026-07-29 10:00:00-03:00,VALE3.SA,76.01000213623047,76.08999633789062,75.69999694824219,75.7300033569336,122600,0.30464020785907486,100.7583816751616
2026-07-29 10:05:00-03:00,VALE3.SA,75.81999969482422,76.19999694824219,75.81999969482422,75.87999725341797,286400,0.19806402988973293,100.95794778635909
2026-07-29 10:10:00-03:00,VALE3.SA,75.91999816894531,76.0999984741211,75.9000015258789,76.0,69300,0.15814806395058056,101.11761082618746
2026-07-29 10:15:00-03:00,VALE3.SA,76.0,76.11000061035156,75.94999694824219,75.94999694824219,120200,-0.06579348915501937,101.05108202187472
2026-07-29 10:20:00-03:00,VALE3.SA,75.94999694824219,75.94999694824219,75.77999877929688,75.83000183105469,68700,-0.15799226070972727,100.89142913291671
2026-07-29 10:25:00-03:00,VALE3.SA,75.80999755859375,76.0199966430664,75.54000091552734,75.9800033569336,175300,0.19781290024640796,101.09100539498456
2026-07-29 10:30:00-03:00,VALE3.SA,76.01000213623047,76.13999938964844,75.58000183105469,75.66999816894531,144900,-0.4080089158879918,100.67854507981224
2026-07-29 10:35:00-03:00,VALE3.SA,75.63999938964844,75.69999694824219,75.4000015258789,75.41000366210938,207000,-0.3435899473070658,100.33262371982299
2026-07-29 10:40:00-03:00,VALE3.SA,75.41000366210938,75.43000030517578,75.23999786376953,75.30000305175781,284400,-0.14587005040398449,100.18626847103124
2026-07-29 10:45:00-03:00,VALE3.SA,75.30000305175781,75.33999633789062,75.12000274658203,75.18000030517578,139500,-0.15936619086129866,100.02660543120288
2026-07-29 10:50:00-03:00,VALE3.SA,75.18000030517578,75.33000183105469,75.12999725341797,75.30000305175781,141200,0.15962057208687153,100.18626847103124
2026-07-29 10:55:00-03:00,VALE3.SA,75.30000305175781,75.31999969482422,75.16999816894531,75.31999969482422,72200,0.026555965811403404,100.21287390223412
2026-07-29 11:00:00-03:00,VALE3.SA,75.30000305175781,75.3499984741211,75.18000030517578,75.19000244140625,52600,-0.17259327395735546,100.0399132222395
2026-07-29 11:05:00-03:00,VALE3.SA,75.20999908447266,75.26000213623047,75.05999755859375,75.16000366210938,118400,-0.03989729794230401,100.0
2026-07-29 11:10:00-03:00,VALE3.SA,75.13999938964844,75.16999816894531,75.02999877929688,75.16000366210938,130200,0.0,100.0
2026-07-29 11:15:00-03:00,VALE3.SA,75.16000366210938,75.41000366210938,75.16000366210938,75.36000061035156,104400,0.2660949155102399,100.26609491551024
2026-07-29 11:20:00-03:00,VALE3.SA,75.36000061035156,75.55000305175781,75.33999633789062,75.52999877929688,576800,0.22558143254840513,100.492276608781
2026-07-29 11:25:00-03:00,VALE3.SA,75.5,75.52999877929688,75.33999633789062,75.47000122070312,33200,-0.07943540257304704,100.41245016430199
2026-07-29 11:30:00-03:00,VALE3.SA,75.45999908447266,75.48999786376953,75.2699966430664,75.33000183105469,70500,-0.1855033621094404,100.22618169327076
2026-07-29 11:35:00-03:00,VALE3.SA,75.30000305175781,75.30000305175781,75.12999725341797,75.18000030517578,103300,-0.19912587579026253,100.02660543120288
2026-07-29 11:40:00-03:00,VALE3.SA,75.18000030517578,75.19000244140625,74.91999816894531,75.0199966430664,157300,-0.21282742944915833,99.81372137809839
2026-07-29 11:45:00-03:00,VALE3.SA,75.04000091552734,75.06999969482422,74.91000366210938,74.9800033569336,81300,-0.05331016785177223,99.76051051569263
2026-07-29 11:50:00-03:00,VALE3.SA,75.01000213623047,75.05000305175781,74.8499984741211,74.86000061035156,184500,-0.16004633396823342,99.60084747586427
2026-07-29 11:55:00-03:00,VALE3.SA,74.86000061035156,74.9800033569336,74.80999755859375,74.94999694824219,127900,0.12021952599099439,99.72058714258279
2026-07-29 12:00:00-03:00,VALE3.SA,74.95999908447266,74.98999786376953,74.81999969482422,74.94000244140625,140000,-0.01333489959024492,99.70728950241651
2026-07-29 12:05:00-03:00,VALE3.SA,74.94000244140625,74.98999786376953,74.86000061035156,74.87999725341797,72700,-0.0800709714884218,99.62745290706717
2026-07-29 12:10:00-03:00,VALE3.SA,74.87000274658203,74.95999908447266,74.80999755859375,74.88999938964844,205600,0.013357554216542056,99.64076069810378
2026-07-29 12:15:00-03:00,VALE3.SA,74.91999816894531,75.08000183105469,74.88999938964844,74.9800033569336,78300,0.12018155697515187,99.76051051569263
2026-07-29 12:20:00-03:00,VALE3.SA,75.0,75.08000183105469,74.94999694824219,74.98999786376953,41600,0.01332956306812072,99.7738081558589
2026-07-29 12:25:00-03:00,VALE3.SA,74.98999786376953,75.05999755859375,74.91999816894531,74.94000244140625,43500,-0.06666945431056392,99.70728950241651
2026-07-29 12:30:00-03:00,VALE3.SA,74.94000244140625,74.9800033569336,74.91999816894531,74.91999816894531,17600,-0.026693717386228055,99.68067392034328
2026-07-29 12:35:00-03:00,VALE3.SA,74.91999816894531,74.98999786376953,74.9000015258789,74.94000244140625,35500,0.026700844834293136,99.70728950241651
2026-07-29 12:40:00-03:00,VALE3.SA,74.93000030517578,74.94000244140625,74.86000061035156,74.9000015258789,53900,-0.05337725410219374,99.65406848914039
2026-07-29 12:45:00-03:00,VALE3.SA,74.88999938964844,74.94999694824219,74.87000274658203,74.88999938964844,37300,-0.013353986684516705,99.64076069810378
2026-07-29 12:50:00-03:00,VALE3.SA,74.88999938964844,74.91000366210938,74.80999755859375,74.80999755859375,57000,-0.10682578676285415,99.53431867155153
2026-07-29 12:55:00-03:00,VALE3.SA,74.80999755859375,74.8499984741211,74.80000305175781,74.8499984741211,42800,0.05347001314364164,99.58753968482765
2026-07-29 13:00:00-03:00,VALE3.SA,74.86000061035156,74.87999725341797,74.72000122070312,74.72000122070312,206400,-0.17367702881505576,99.41457900483303
2026-07-29 13:05:00-03:00,VALE3.SA,74.70999908447266,74.83000183105469,74.61000061035156,74.80000305175781,190200,0.1070688299621203,99.52102103138527
2026-07-29 13:10:00-03:00,VALE3.SA,74.80999755859375,74.80999755859375,74.69999694824219,74.69999694824219,39700,-0.13369799389770787,99.3879634227598
2026-07-29 13:15:00-03:00,VALE3.SA,74.69000244140625,74.70999908447266,74.62999725341797,74.6500015258789,49400,-0.06692827899031917,99.32144476931741
2026-07-29 13:20:00-03:00,VALE3.SA,74.63999938964844,74.79000091552734,74.63999938964844,74.76000213623047,55200,0.1473551347663804,99.46780001810916
2026-07-29 13:25:00-03:00,VALE3.SA,74.76000213623047,74.91000366210938,74.76000213623047,74.91000366210938,49600,0.20064408987785498,99.66737628017701
2026-07-29 13:30:00-03:00,VALE3.SA,74.9000015258789,75.0999984741211,74.9000015258789,75.04000091552734,102400,0.17353790824030657,99.84033696017164
2026-07-29 13:35:00-03:00,VALE3.SA,75.02999877929688,75.12000274658203,75.01000213623047,75.08999633789062,65200,0.06662502898895362,99.90685561361403
2026-07-29 13:40:00-03:00,VALE3.SA,75.08999633789062,75.0999984741211,75.0,75.0199966430664,54700,-0.09322106570525124,99.81372137809839
2026-07-29 13:45:00-03:00,VALE3.SA,75.05000305175781,75.08000183105469,75.05000305175781,75.05000305175781,24500,0.03999788061064269,99.85364475120826
2026-07-29 13:50:00-03:00,VALE3.SA,75.05999755859375,75.06999969482422,75.04000091552734,75.05999755859375,21800,0.013317130485712703,99.86694239137452
2026-07-29 13:55:00-03:00,VALE3.SA,75.05999755859375,75.22000122070312,75.05999755859375,75.13999938964844,148600,0.10658384446686764,99.97338441792675
2026-07-29 14:00:00-03:00,VALE3.SA,75.12000274658203,75.12999725341797,75.06999969482422,75.12999725341797,41000,-0.013311333925625224,99.96007662689014
2026-07-29 14:05:00-03:00,VALE3.SA,75.13999938964844,75.1500015258789,74.81999969482422,74.9800033569336,317200,-0.19964581654173807,99.76051051569263
2026-07-29 14:10:00-03:00,VALE3.SA,74.9800033569336,75.0999984741211,74.9800033569336,75.08000183105469,46900,0.13336685735403364,99.89355797344776
2026-07-29 14:15:00-03:00,VALE3.SA,75.08000183105469,75.13999938964844,75.05000305175781,75.12999725341797,20300,0.06658953269045309,99.96007662689014
2026-07-29 14:20:00-03:00,VALE3.SA,75.13999938964844,75.19999694824219,75.11000061035156,75.12999725341797,92900,0.0,99.96007662689014
2026-07-29 14:25:00-03:00,VALE3.SA,75.13999938964844,75.16999816894531,75.06999969482422,75.12000274658203,26700,-0.013302951153082443,99.94677898672388
2026-07-29 14:30:00-03:00,VALE3.SA,75.1500015258789,75.29000091552734,75.08999633789062,75.16000366210938,117900,0.05324935312140955,100.0
2026-07-29 14:35:00-03:00,VALE3.SA,75.16000366210938,75.19999694824219,75.04000091552734,75.13999938964844,127800,-0.02661558207324166,99.97338441792675
2026-07-29 14:40:00-03:00,VALE3.SA,75.12999725341797,75.19999694824219,75.11000061035156,75.16999816894531,20500,0.03992384820408201,100.01329764016627
2026-07-29 14:45:00-03:00,VALE3.SA,75.16999816894531,75.16999816894531,75.12000274658203,75.12999725341797,15900,-0.05321393707824473,99.96007662689014
2026-07-29 14:50:00-03:00,VALE3.SA,75.13999938964844,75.20999908447266,75.13999938964844,75.18000030517578,31500,0.06655537546360613,100.02660543120288
2026-07-29 14:55:00-03:00,VALE3.SA,75.16999816894531,75.19000244140625,75.05999755859375,75.12000274658203,31400,-0.07980521195823931,99.94677898672388
2026-07-29 15:00:00-03:00,VALE3.SA,75.12999725341797,75.61000061035156,75.12999725341797,75.4800033569336,585200,0.47923402181710983,100.42575795533861
2026-07-29 15:05:00-03:00,VALE3.SA,75.48999786376953,75.55000305175781,75.43000030517578,75.47000122070312,106500,-0.013251372265010719,100.41245016430199
2026-07-29 15:10:00-03:00,VALE3.SA,75.47000122070312,75.52999877929688,75.3499984741211,75.41000366210938,109600,-0.0794985525683134,100.33262371982299
2026-07-29 15:15:00-03:00,VALE3.SA,75.41999816894531,75.52999877929688,75.27999877929688,75.30999755859375,99900,-0.13261649470768244,100.19956611119751
2026-07-29 15:20:00-03:00,VALE3.SA,75.31999969482422,75.37999725341797,75.23999786376953,75.33999633789062,63000,0.039833727618354686,100.239479333437
2026-07-29 15:25:00-03:00,VALE3.SA,75.31999969482422,75.33000183105469,75.26000213623047,75.30999755859375,77000,-0.039817866677793745,100.19956611119751
2026-07-29 15:30:00-03:00,VALE3.SA,75.30999755859375,75.36000061035156,75.1500015258789,75.26000213623047,97500,-0.06638616914624862,100.13304745775513
2026-07-29 15:35:00-03:00,VALE3.SA,75.2699966430664,75.47000122070312,75.20999908447266,75.47000122070312,50000,0.2790314622799661,100.41245016430199
2026-07-29 15:40:00-03:00,VALE3.SA,75.44999694824219,75.61000061035156,75.44000244140625,75.5999984741211,131900,0.17225023362303915,100.58541084429662
2026-07-29 15:45:00-03:00,VALE3.SA,75.5999984741211,75.6500015258789,75.54000091552734,75.63999938964844,104500,0.05291126499300525,100.63863185757273
2026-07-29 15:50:00-03:00,VALE3.SA,75.63999938964844,75.87999725341797,75.62000274658203,75.81999969482422,173300,0.23796973377607777,100.8781213418801
2026-07-29 15:55:00-03:00,VALE3.SA,75.81999969482422,75.8499984741211,75.72000122070312,75.8499984741211,131100,0.03956578662307475,100.91803456411961
2026-07-29 16:00:00-03:00,VALE3.SA,75.83999633789062,75.97000122070312,75.66999816894531,75.72000122070312,233100,-0.171387285475455,100.74507388412496
2026-07-29 16:05:00-03:00,VALE3.SA,75.72000122070312,75.72000122070312,75.5199966430664,75.52999877929688,119000,-0.25092767874164146,100.492276608781
2026-07-29 16:10:00-03:00,VALE3.SA,75.52999877929688,75.62999725341797,75.43000030517578,75.61000061035156,169600,0.10592060419392091,100.59871863533323
2026-07-29 16:15:00-03:00,VALE3.SA,75.5999984741211,75.70999908447266,75.41000366210938,75.41999816894531,191000,-0.2512927388870212,100.34592135998925
2026-07-29 16:20:00-03:00,VALE3.SA,75.43000030517578,75.43000030517578,75.18000030517578,75.20999908447266,192000,-0.27843952475608,100.06651865344239
2026-07-29 16:25:00-03:00,VALE3.SA,75.22000122070312,75.45999908447266,75.16000366210938,75.45999908447266,244400,0.3324026100827604,100.39914237326538
2026-07-29 16:30:00-03:00,VALE3.SA,75.45999908447266,75.55000305175781,75.23999786376953,75.2699966430664,176500,-0.25179226571889757,100.1463450979214
2026-07-29 16:35:00-03:00,VALE3.SA,75.2699966430664,75.41000366210938,75.25,75.27999877929688,227900,0.013288344196293878,100.15965288895801
2026-07-29 16:40:00-03:00,VALE3.SA,75.27999877929688,75.30000305175781,75.19000244140625,75.22000122070312,448300,-0.07969920239989658,100.079826444479
2026-07-29 16:45:00-03:00,VALE3.SA,75.22000122070312,75.27999877929688,75.13999938964844,75.18000030517578,388400,-0.053178562720279654,100.02660543120288
2026-07-29 16:50:00-03:00,VALE3.SA,75.18000030517578,75.25,75.0999984741211,75.0999984741211,298700,-0.10641371472457362,99.92016340465064
2026-07-30 10:00:00-03:00,VALE3.SA,75.9800033569336,76.37999725341797,75.9000015258789,76.0,191100,1.198404186637947,101.11761082618746
2026-07-30 10:05:00-03:00,VALE3.SA,76.05000305175781,76.26000213623047,75.81999969482422,76.13999938964844,257300,0.18420972322161777,101.30387929721871
2026-07-30 10:10:00-03:00,VALE3.SA,76.1500015258789,76.33000183105469,76.05999755859375,76.23999786376953,184200,0.1313350077786879,101.43692675497383
2026-07-30 10:15:00-03:00,VALE3.SA,76.2300033569336,76.54000091552734,76.19999694824219,76.5199966430664,859700,0.3672596893263158,101.80946369703632
2026-07-30 10:20:00-03:00,VALE3.SA,76.5199966430664,76.55999755859375,76.31999969482422,76.3499984741211,325200,-0.22216175693039464,101.58328200376556
2026-07-30 10:25:00-03:00,VALE3.SA,76.31999969482422,76.38999938964844,76.2300033569336,76.31999969482422,546800,-0.03929113280473073,101.54336878152606
2026-07-30 10:30:00-03:00,VALE3.SA,76.33999633789062,76.3499984741211,75.4000015258789,75.4000015258789,626200,-1.2054483393921012,100.31931592878635
2026-07-30 10:35:00-03:00,VALE3.SA,75.38999938964844,75.44999694824219,74.86000061035156,74.95999908447266,845800,-0.583557602787621,99.7338949336194
2026-07-30 10:40:00-03:00,VALE3.SA,74.94000244140625,74.98999786376953,74.61000061035156,74.73999786376953,695100,-0.29349149331659996,99.44118443603591
2026-07-30 10:45:00-03:00,VALE3.SA,74.7699966430664,75.12999725341797,74.7699966430664,75.0,364600,0.34787549325914213,99.78711594689553
2026-07-30 10:50:00-03:00,VALE3.SA,74.98999786376953,75.3499984741211,74.97000122070312,75.27999877929688,410100,0.37333170572917407,100.15965288895801
2026-07-30 10:55:00-03:00,VALE3.SA,75.30000305175781,75.41999816894531,75.25,75.27999877929688,443200,0.0,100.15965288895801
2026-07-30 11:00:00-03:00,VALE3.SA,75.30000305175781,75.37000274658203,75.12999725341797,75.12999725341797,116000,-0.199258140689762,99.96007662689014
2026-07-30 11:05:00-03:00,VALE3.SA,75.12999725341797,75.2300033569336,74.77999877929688,74.94999694824219,262600,-0.2395851347746336,99.72058714258279
2026-07-30 11:10:00-03:00,VALE3.SA,74.94999694824219,75.02999877929688,74.91000366210938,74.93000030517578,172000,-0.026679978493149292,99.69398171137989
2026-07-30 11:15:00-03:00,VALE3.SA,74.94000244140625,74.97000122070312,74.75,74.80999755859375,91800,-0.1601531377195764,99.53431867155153
2026-07-30 11:20:00-03:00,VALE3.SA,74.83000183105469,75.02999877929688,74.79000091552734,74.9000015258789,204100,0.12031007916377678,99.65406848914039
2026-07-30 11:25:00-03:00,VALE3.SA,74.91999816894531,75.05999755859375,74.87000274658203,75.05000305175781,60500,0.20026905583849786,99.85364475120826
2026-07-30 11:30:00-03:00,VALE3.SA,75.05000305175781,75.1500015258789,75.0,75.0999984741211,94600,0.06661614967398144,99.92016340465064
2026-07-30 11:35:00-03:00,VALE3.SA,75.12000274658203,75.16000366210938,75.0999984741211,75.13999938964844,97300,0.05326353707066911,99.97338441792675
2026-07-30 11:40:00-03:00,VALE3.SA,75.13999938964844,75.22000122070312,75.05000305175781,75.1500015258789,83700,0.013311333925614122,99.98669220896338
2026-07-30 11:45:00-03:00,VALE3.SA,75.1500015258789,75.26000213623047,75.12000274658203,75.12000274658203,49500,-0.03991853451466021,99.94677898672388
2026-07-24 10:00:00-03:00,ITUB4.SA,42.29999923706055,42.29999923706055,42.130001068115234,42.20000076293945,0,,100.0
2026-07-24 10:05:00-03:00,ITUB4.SA,42.20000076293945,42.29999923706055,42.20000076293945,42.27000045776367,63400,0.16587605108693282,100.16587605108694
2026-07-24 10:10:00-03:00,ITUB4.SA,42.2599983215332,42.279998779296875,42.16999816894531,42.279998779296875,99200,0.023653469186002418,100.18956875571357
2026-07-24 10:15:00-03:00,ITUB4.SA,42.27000045776367,42.290000915527344,42.130001068115234,42.20000076293945,477700,-0.18921007253338562,100.0
2026-07-24 10:20:00-03:00,ITUB4.SA,42.16999816894531,42.22999954223633,42.15999984741211,42.16999816894531,70800,-0.07109619301355341,99.92890380698644
2026-07-24 10:25:00-03:00,ITUB4.SA,42.15999984741211,42.20000076293945,42.13999938964844,42.20000076293945,148200,0.07114677566251171,100.0
2026-07-24 10:30:00-03:00,ITUB4.SA,42.20000076293945,42.36000061035156,42.150001525878906,42.220001220703125,413600,0.047394448820092805,100.04739444882009
2026-07-24 10:35:00-03:00,ITUB4.SA,42.22999954223633,42.2400016784668,42.16999816894531,42.18000030517578,234400,-0.09474399424632685,99.95260555117991
2026-07-24 10:40:00-03:00,ITUB4.SA,42.189998626708984,42.279998779296875,42.15999984741211,42.20000076293945,209700,0.04741692180882939,100.0
2026-07-24 10:45:00-03:00,ITUB4.SA,42.20000076293945,42.45000076293945,42.20000076293945,42.279998779296875,654700,0.18956875571356502,100.18956875571357
2026-07-24 10:50:00-03:00,ITUB4.SA,42.29999923706055,42.33000183105469,42.27000045776367,42.31999969482422,99600,0.09460954749822559,100.28435765335377
2026-07-24 10:55:00-03:00,ITUB4.SA,42.33000183105469,42.34000015258789,42.209999084472656,42.290000915527344,107700,-0.0708855848610579,100.21327049990703
2026-07-24 11:00:00-03:00,ITUB4.SA,42.27000045776367,42.36000061035156,42.27000045776367,42.29999923706055,68900,0.023642282612312826,100.23696320453365
2026-07-24 11:05:00-03:00,ITUB4.SA,42.29999923706055,42.349998474121094,42.290000915527344,42.29999923706055,35300,0.0,100.23696320453365
2026-07-24 11:10:00-03:00,ITUB4.SA,42.29999923706055,42.31999969482422,42.2599983215332,42.2599983215332,66600,-0.09456481382699167,100.14217430689347
2026-07-24 11:15:00-03:00,ITUB4.SA,42.2599983215332,42.33000183105469,42.220001220703125,42.31999969482422,171400,0.14198148526769483,100.28435765335377
2026-07-24 11:20:00-03:00,ITUB4.SA,42.31999969482422,42.380001068115234,42.290000915527344,42.33000183105469,40600,0.02363453757701084,100.30805939754721
2026-07-24 11:25:00-03:00,ITUB4.SA,42.33000183105469,42.349998474121094,42.29999923706055,42.310001373291016,17400,-0.04724889416140021,100.26066494872711
2026-07-24 11:30:00-03:00,ITUB4.SA,42.33000183105469,42.349998474121094,42.20000076293945,42.20000076293945,73500,-0.2599872530871683,100.0
2026-07-24 11:35:00-03:00,ITUB4.SA,42.20000076293945,42.220001220703125,42.09000015258789,42.09000015258789,139000,-0.26066494872712953,99.73933505127287
2026-07-24 11:40:00-03:00,ITUB4.SA,42.08000183105469,42.130001068115234,42.08000183105469,42.119998931884766,84400,0.07127293701145732,99.8104222047196
2026-07-24 11:45:00-03:00,ITUB4.SA,42.130001068115234,42.18000030517578,42.119998931884766,42.18000030517578,80600,0.14245340648761928,99.95260555117991
2026-07-24 11:50:00-03:00,ITUB4.SA,42.18000030517578,42.18000030517578,42.150001525878906,42.15999984741211,38600,-0.047416921808840495,99.9052111023598
2026-07-24 11:55:00-03:00,ITUB4.SA,42.15999984741211,42.220001220703125,42.150001525878906,42.189998626708984,136100,0.07115460010780339,99.97629825580654
2026-07-24 12:00:00-03:00,ITUB4.SA,42.189998626708984,42.209999084472656,42.11000061035156,42.11000061035156,57800,-0.18961369746710588,99.78672950009297
2026-07-24 12:05:00-03:00,ITUB4.SA,42.11000061035156,42.150001525878906,42.08000183105469,42.119998931884766,96900,0.023743342171189674,99.8104222047196
2026-07-24 12:10:00-03:00,ITUB4.SA,42.11000061035156,42.279998779296875,42.11000061035156,42.279998779296875,121700,0.37986669389724614,100.18956875571357
2026-07-24 12:15:00-03:00,ITUB4.SA,42.2599983215332,42.349998474121094,42.22999954223633,42.310001373291016,91400,0.07096167185518532,100.26066494872711
2026-07-24 12:20:00-03:00,ITUB4.SA,42.31999969482422,42.369998931884766,42.290000915527344,42.29999923706055,43500,-0.023640122679791098,100.23696320453365
2026-07-24 12:25:00-03:00,ITUB4.SA,42.290000915527344,42.34000015258789,42.27000045776367,42.27000045776367,30200,-0.07091910127173806,100.16587605108694
2026-07-24 12:30:00-03:00,ITUB4.SA,42.27000045776367,42.279998779296875,42.2400016784668,42.2400016784668,47500,-0.07096943215519902,100.09478889764019
2026-07-24 12:35:00-03:00,ITUB4.SA,42.2400016784668,42.279998779296875,42.2400016784668,42.2599983215332,31100,0.04734053568136165,100.14217430689347
2026-07-24 12:40:00-03:00,ITUB4.SA,42.2599983215332,42.310001373291016,42.25,42.27000045776367,114200,0.023668094244500004,100.16587605108694
2026-07-24 12:45:00-03:00,ITUB4.SA,42.27000045776367,42.310001373291016,42.2599983215332,42.279998779296875,147200,0.023653469186002418,100.18956875571357
2026-07-24 12:50:00-03:00,ITUB4.SA,42.279998779296875,42.279998779296875,42.2400016784668,42.27000045776367,46900,-0.02364787564302917,100.16587605108694
2026-07-24 12:55:00-03:00,ITUB4.SA,42.2599983215332,42.279998779296875,42.25,42.2599983215332,24400,-0.02366249378318308,100.14217430689347
2026-07-24 13:00:00-03:00,ITUB4.SA,42.27000045776367,42.279998779296875,42.25,42.279998779296875,33000,0.04732716175590568,100.18956875571357
2026-07-24 13:05:00-03:00,ITUB4.SA,42.2599983215332,42.27000045776367,42.25,42.25,22100,-0.07095264939214196,100.11848160226684
2026-07-24 13:10:00-03:00,ITUB4.SA,42.2400016784668,42.2599983215332,42.22999954223633,42.25,58600,0.0,100.11848160226684
2026-07-24 13:15:00-03:00,ITUB4.SA,42.2599983215332,42.2599983215332,42.189998626708984,42.189998626708984,72600,-0.1420150847124657,99.97629825580654
2026-07-24 13:20:00-03:00,ITUB4.SA,42.189998626708984,42.22999954223633,42.15999984741211,42.18000030517578,48900,-0.023698321542187095,99.95260555117991
2026-07-24 13:25:00-03:00,ITUB4.SA,42.20000076293945,42.209999084472656,42.18000030517578,42.20000076293945,17900,0.04741692180882939,100.0
2026-07-24 13:30:00-03:00,ITUB4.SA,42.18000030517578,42.189998626708984,42.13999938964844,42.18000030517578,60200,-0.047394448820092805,99.95260555117991
2026-07-24 13:35:00-03:00,ITUB4.SA,42.18000030517578,42.18000030517578,42.119998931884766,42.130001068115234,102300,-0.11853778259554026,99.83412394891306
2026-07-24 13:40:00-03:00,ITUB4.SA,42.13999938964844,42.15999984741211,42.130001068115234,42.13999938964844,38600,0.023732070447946008,99.85781665353971
2026-07-24 13:45:00-03:00,ITUB4.SA,42.13999938964844,42.13999938964844,42.099998474121094,42.099998474121094,51000,-0.0949238635659988,99.76302775589951
2026-07-24 13:50:00-03:00,ITUB4.SA,42.11000061035156,42.119998931884766,42.08000183105469,42.099998474121094,108400,0.0,99.76302775589951
2026-07-24 13:55:00-03:00,ITUB4.SA,42.11000061035156,42.130001068115234,42.09000015258789,42.119998931884766,44900,0.04750702728877343,99.8104222047196
2026-07-24 14:00:00-03:00,ITUB4.SA,42.119998931884766,42.150001525878906,42.11000061035156,42.130001068115234,559400,0.023746762782783648,99.83412394891306
2026-07-24 14:05:00-03:00,ITUB4.SA,42.130001068115234,42.150001525878906,42.11000061035156,42.130001068115234,103400,0.0,99.83412394891306
2026-07-24 14:10:00-03:00,ITUB4.SA,42.130001068115234,42.15999984741211,42.119998931884766,42.150001525878906,38100,0.04747319548208395,99.88151839773317
2026-07-24 14:15:00-03:00,ITUB4.SA,42.13999938964844,42.18000030517578,42.13999938964844,42.16999816894531,49300,0.04744161884342457,99.92890380698644
2026-07-24 14:20:00-03:00,ITUB4.SA,42.150001525878906,42.16999816894531,42.150001525878906,42.15999984741211,33500,-0.0237095612220517,99.9052111023598
2026-07-24 14:25:00-03:00,ITUB4.SA,42.16999816894531,42.20000076293945,42.13999938964844,42.20000076293945,73300,0.09487883223937565,100.0
2026-07-24 14:30:00-03:00,ITUB4.SA,42.209999084472656,42.209999084472656,42.16999816894531,42.209999084472656,84800,0.0236927046266322,100.02369270462663
2026-07-24 14:35:00-03:00,ITUB4.SA,42.209999084472656,42.220001220703125,42.16999816894531,42.189998626708984,65700,-0.04738322245315674,99.97629825580654
2026-07-24 14:40:00-03:00,ITUB4.SA,42.189998626708984,42.20000076293945,42.150001525878906,42.20000076293945,151900,0.0237073632520568,100.0
2026-07-24 14:45:00-03:00,ITUB4.SA,42.189998626708984,42.209999084472656,42.18000030517578,42.20000076293945,38100,0.0,100.0
2026-07-24 14:50:00-03:00,ITUB4.SA,42.18000030517578,42.20000076293945,42.119998931884766,42.13999938964844,55300,-0.14218334646028952,99.85781665353971
2026-07-24 14:55:00-03:00,ITUB4.SA,42.130001068115234,42.15999984741211,42.119998931884766,42.15999984741211,40100,0.0474619317829994,99.9052111023598
2026-07-24 15:00:00-03:00,ITUB4.SA,42.150001525878906,42.15999984741211,42.130001068115234,42.15999984741211,24800,0.0,99.9052111023598
2026-07-24 15:05:00-03:00,ITUB4.SA,42.13999938964844,42.15999984741211,42.119998931884766,42.150001525878906,41000,-0.023715183988115562,99.88151839773317
2026-07-24 15:10:00-03:00,ITUB4.SA,42.150001525878906,42.18000030517578,42.130001068115234,42.16999816894531,42400,0.04744161884342457,99.92890380698644
2026-07-24 15:15:00-03:00,ITUB4.SA,42.15999984741211,42.189998626708984,42.13999938964844,42.150001525878906,78400,-0.0474191224441034,99.88151839773317
2026-07-24 15:20:00-03:00,ITUB4.SA,42.13999938964844,42.150001525878906,42.119998931884766,42.119998931884766,44100,-0.07118052884462767,99.8104222047196
2026-07-24 15:25:00-03:00,ITUB4.SA,42.130001068115234,42.13999938964844,42.099998474121094,42.11000061035156,50500,-0.023737706046411677,99.78672950009297
2026-07-24 15:30:00-03:00,ITUB4.SA,42.11000061035156,42.13999938964844,42.099998474121094,42.130001068115234,63000,0.04749574322910899,99.83412394891306
2026-07-24 15:35:00-03:00,ITUB4.SA,42.119998931884766,42.15999984741211,42.119998931884766,42.13999938964844,64100,0.023732070447946008,99.85781665353971
2026-07-24 15:40:00-03:00,ITUB4.SA,42.150001525878906,42.150001525878906,42.119998931884766,42.130001068115234,61000,-0.023726439672566713,99.83412394891306
2026-07-24 15:45:00-03:00,ITUB4.SA,42.130001068115234,42.16999816894531,42.130001068115234,42.150001525878906,25100,0.04747319548208395,99.88151839773317
2026-07-24 15:50:00-03:00,ITUB4.SA,42.15999984741211,42.15999984741211,42.13999938964844,42.150001525878906,44000,0.0,99.88151839773317
2026-07-24 15:55:00-03:00,ITUB4.SA,42.13999938964844,42.16999816894531,42.130001068115234,42.150001525878906,50600,0.0,99.88151839773317
2026-07-24 16:00:00-03:00,ITUB4.SA,42.150001525878906,42.16999816894531,42.130001068115234,42.15999984741211,75000,0.023720809421723388,99.9052111023598
2026-07-24 16:05:00-03:00,ITUB4.SA,42.15999984741211,42.16999816894531,42.13999938964844,42.13999938964844,59600,-0.04743941611968783,99.85781665353971
2026-07-24 16:10:00-03:00,ITUB4.SA,42.150001525878906,42.15999984741211,42.11000061035156,42.11000061035156,94700,-0.07118837145556611,99.78672950009297
2026-07-24 16:15:00-03:00,ITUB4.SA,42.11000061035156,42.119998931884766,42.099998474121094,42.099998474121094,76200,-0.023752401057930417,99.76302775589951
2026-07-24 16:20:00-03:00,ITUB4.SA,42.11000061035156,42.11000061035156,42.04999923706055,42.04999923706055,94500,-0.11876303770244068,99.64454615363269
2026-07-24 16:25:00-03:00,ITUB4.SA,42.04999923706055,42.08000183105469,42.040000915527344,42.08000183105469,104700,0.0713498086527764,99.71564234664623
2026-07-24 16:30:00-03:00,ITUB4.SA,42.06999969482422,42.09000015258789,42.04999923706055,42.06999969482422,91600,-0.023769334114165375,99.69194060245277
2026-07-24 16:35:00-03:00,ITUB4.SA,42.08000183105469,42.11000061035156,42.06999969482422,42.08000183105469,114900,0.02377498526984212,99.71564234664623
2026-07-24 16:40:00-03:00,ITUB4.SA,42.08000183105469,42.16999816894531,42.08000183105469,42.150001525878906,258600,0.16634907741985838,99.88151839773317
2026-07-24 16:45:00-03:00,ITUB4.SA,42.150001525878906,42.150001525878906,42.06999969482422,42.11000061035156,259300,-0.09490133826633995,99.78672950009297
2026-07-24 16:50:00-03:00,ITUB4.SA,42.11000061035156,42.13999938964844,42.06999969482422,42.13999938964844,177800,0.07123908540029866,99.85781665353971
2026-07-27 10:00:00-03:00,ITUB4.SA,42.45000076293945,42.5,42.349998474121094,42.40999984741211,0,0.6407225004136929,100.49762815326079
2026-07-27 10:05:00-03:00,ITUB4.SA,42.439998626708984,42.470001220703125,42.349998474121094,42.400001525878906,121100,-0.02357538686436067,100.47393544863414
2026-07-27 10:10:00-03:00,ITUB4.SA,42.400001525878906,42.43000030517578,42.349998474121094,42.369998931884766,135300,-0.07076083234531794,100.40283925562059
2026-07-27 10:15:00-03:00,ITUB4.SA,42.369998931884766,42.41999816894531,42.349998474121094,42.369998931884766,119800,0.0,100.40283925562059
2026-07-27 10:20:00-03:00,ITUB4.SA,42.40999984741211,42.43000030517578,42.33000183105469,42.380001068115234,78700,0.02360664735099327,100.42654099981405
2026-07-27 10:25:00-03:00,ITUB4.SA,42.38999938964844,42.540000915527344,42.380001068115234,42.5,112800,0.28314990292683806,100.71089865316782
2026-07-27 10:30:00-03:00,ITUB4.SA,42.5099983215332,42.650001525878906,42.45000076293945,42.61000061035156,415900,0.25882496553308876,100.97156360189494
2026-07-27 10:35:00-03:00,ITUB4.SA,42.599998474121094,42.689998626708984,42.59000015258789,42.619998931884766,254600,0.023464729852107347,100.9952563065216
2026-07-27 10:40:00-03:00,ITUB4.SA,42.630001068115234,42.86000061035156,42.630001068115234,42.77000045776367,546500,0.35195103153013996,101.3507101528889
2026-07-27 10:45:00-03:00,ITUB4.SA,42.779998779296875,42.79999923706055,42.709999084472656,42.7599983215332,135500,-0.02338586888804839,101.32700840869543
2026-07-27 10:50:00-03:00,ITUB4.SA,42.75,42.77000045776367,42.61000061035156,42.619998931884766,215000,-0.3274073787274623,100.9952563065216
2026-07-27 10:55:00-03:00,ITUB4.SA,42.599998474121094,42.66999816894531,42.59000015258789,42.650001525878906,126300,0.07039557659795914,101.06635249953516
2026-07-27 11:00:00-03:00,ITUB4.SA,42.63999938964844,42.720001220703125,42.59000015258789,42.65999984741211,168300,0.02344272256857849,101.09004520416178
2026-07-27 11:05:00-03:00,ITUB4.SA,42.650001525878906,42.68000030517578,42.54999923706055,42.66999816894531,315200,0.02343722824418304,101.11373790878841
2026-07-27 11:10:00-03:00,ITUB4.SA,42.66999816894531,42.709999084472656,42.619998931884766,42.630001068115234,200200,-0.09373588597710869,101.01895805071504
2026-07-27 11:15:00-03:00,ITUB4.SA,42.630001068115234,42.66999816894531,42.61000061035156,42.630001068115234,48200,0.0,101.01895805071504
2026-07-27 11:20:00-03:00,ITUB4.SA,42.619998931884766,42.66999816894531,42.599998474121094,42.63999938964844,72600,0.02345372104783916,101.0426507553417
2026-07-27 11:25:00-03:00,ITUB4.SA,42.650001525878906,42.66999816894531,42.61000061035156,42.619998931884766,81700,-0.04690538942297984,100.9952563065216
2026-07-27 11:30:00-03:00,ITUB4.SA,42.619998931884766,42.68000030517578,42.59000015258789,42.630001068115234,117700,0.02346817569482962,101.01895805071504
2026-07-27 11:35:00-03:00,ITUB4.SA,42.61000061035156,42.68000030517578,42.58000183105469,42.68000030517578,116700,0.1172865020121705,101.13743965298187
2026-07-27 11:40:00-03:00,ITUB4.SA,42.66999816894531,42.7400016784668,42.63999938964844,42.70000076293945,121300,0.04686142835206297,101.18483410180197
2026-07-27 11:45:00-03:00,ITUB4.SA,42.70000076293945,42.7599983215332,42.70000076293945,42.720001220703125,124700,0.04683947870331995,101.23222855062207
2026-07-27 11:50:00-03:00,ITUB4.SA,42.72999954223633,42.790000915527344,42.70000076293945,42.77000045776367,260700,0.11703940925056333,101.3507101528889
2026-07-27 11:55:00-03:00,ITUB4.SA,42.77000045776367,42.790000915527344,42.66999816894531,42.709999084472656,214600,-0.14028845604121543,101.20852680642862
2026-07-27 12:00:00-03:00,ITUB4.SA,42.709999084472656,42.75,42.619998931884766,42.619998931884766,195700,-0.21072384574367664,100.9952563065216
2026-07-27 12:05:00-03:00,ITUB4.SA,42.619998931884766,42.63999938964844,42.599998474121094,42.630001068115234,407800,0.02346817569482962,101.01895805071504
2026-07-27 12:10:00-03:00,ITUB4.SA,42.599998474121094,42.599998474121094,42.52000045776367,42.540000915527344,231700,-0.21111928297652405,100.80568755080802
2026-07-27 12:15:00-03:00,ITUB4.SA,42.540000915527344,42.58000183105469,42.540000915527344,42.540000915527344,154200,0.0,100.80568755080802
2026-07-27 12:20:00-03:00,ITUB4.SA,42.540000915527344,42.599998474121094,42.540000915527344,42.56999969482422,122400,0.07051899071757184,100.87677470425476
2026-07-27 12:25:00-03:00,ITUB4.SA,42.56999969482422,42.58000183105469,42.560001373291016,42.560001373291016,93600,-0.023486778493964078,100.8530819996281
2026-07-27 12:30:00-03:00,ITUB4.SA,42.560001373291016,42.560001373291016,42.5099983215332,42.5099983215332,80900,-0.11748836970008059,100.73459135779446
2026-07-27 12:35:00-03:00,ITUB4.SA,42.5099983215332,42.52000045776367,42.47999954223633,42.5,269600,-0.02351992925894164,100.71089865316782
2026-07-27 12:40:00-03:00,ITUB4.SA,42.5,42.56999969482422,42.4900016784668,42.5099983215332,197400,0.02352546243107323,100.73459135779446
2026-07-27 12:45:00-03:00,ITUB4.SA,42.5099983215332,42.529998779296875,42.5,42.5099983215332,43100,0.0,100.73459135779446
2026-07-27 12:50:00-03:00,ITUB4.SA,42.52000045776367,42.54999923706055,42.5099983215332,42.529998779296875,84100,0.04704883216506417,100.78198580661454
2026-07-27 12:55:00-03:00,ITUB4.SA,42.529998779296875,42.54999923706055,42.5099983215332,42.54999923706055,85400,0.047026706648778394,100.82938025543467
2026-07-27 13:00:00-03:00,ITUB4.SA,42.540000915527344,42.54999923706055,42.5099983215332,42.52000045776367,74400,-0.07050242029321696,100.75829310198792
2026-07-27 13:05:00-03:00,ITUB4.SA,42.529998779296875,42.54999923706055,42.5099983215332,42.540000915527344,40500,0.047037764695079254,100.80568755080802
2026-07-27 13:10:00-03:00,ITUB4.SA,42.529998779296875,42.54999923706055,42.5099983215332,42.529998779296875,118500,-0.023512308451356656,100.78198580661454
2026-07-27 13:15:00-03:00,ITUB4.SA,42.529998779296875,42.540000915527344,42.43000030517578,42.45000076293945,234400,-0.18809785716796812,100.59241705090099
2026-07-27 13:20:00-03:00,ITUB4.SA,42.45000076293945,42.470001220703125,42.439998626708984,42.439998626708984,56800,-0.02356215795218386,100.56871530670752
2026-07-27 13:25:00-03:00,ITUB4.SA,42.459999084472656,42.58000183105469,42.439998626708984,42.4900016784668,154000,0.117820578171135,100.68720594854119
2026-07-27 13:30:00-03:00,ITUB4.SA,42.4900016784668,42.560001373291016,42.47999954223633,42.5099983215332,146600,0.047061996414421436,100.73459135779446
2026-07-27 13:35:00-03:00,ITUB4.SA,42.52000045776367,42.52000045776367,42.470001220703125,42.4900016784668,59600,-0.047039858517894384,100.68720594854119
2026-07-27 13:40:00-03:00,ITUB4.SA,42.4900016784668,42.5,42.439998626708984,42.459999084472656,675700,-0.07061095036233755,100.61610975552762
2026-07-27 13:45:00-03:00,ITUB4.SA,42.459999084472656,42.47999954223633,42.45000076293945,42.459999084472656,226200,0.0,100.61610975552762
2026-07-27 13:50:00-03:00,ITUB4.SA,42.45000076293945,42.459999084472656,42.43000030517578,42.43000030517578,270400,-0.0706518604420947,100.54502260208089
2026-07-27 13:55:00-03:00,ITUB4.SA,42.439998626708984,42.45000076293945,42.40999984741211,42.439998626708984,128900,0.023564274007292774,100.56871530670752
2026-07-27 14:00:00-03:00,ITUB4.SA,42.41999816894531,42.439998626708984,42.400001525878906,42.400001525878906,67400,-0.09424387870952122,100.47393544863414
2026-07-27 14:05:00-03:00,ITUB4.SA,42.400001525878906,42.40999984741211,42.38999938964844,42.400001525878906,59100,0.0,100.47393544863414
2026-07-27 14:10:00-03:00,ITUB4.SA,42.38999938964844,42.439998626708984,42.380001068115234,42.41999816894531,66500,0.047161892327296506,100.52132085788743
2026-07-27 14:15:00-03:00,ITUB4.SA,42.43000030517578,42.43000030517578,42.369998931884766,42.38999938964844,113700,-0.07071848324320396,100.4502337044407
2026-07-27 14:20:00-03:00,ITUB4.SA,42.380001068115234,42.41999816894531,42.369998931884766,42.400001525878906,116900,0.02359550925803422,100.47393544863414
2026-07-27 14:25:00-03:00,ITUB4.SA,42.40999984741211,42.5,42.38999938964844,42.47999954223633,121300,0.18867456009075134,100.66350420434773
2026-07-27 14:30:00-03:00,ITUB4.SA,42.47999954223633,42.52000045776367,42.470001220703125,42.52000045776367,79200,0.09416411477964903,100.75829310198792
2026-07-27 14:35:00-03:00,ITUB4.SA,42.52000045776367,42.56999969482422,42.5,42.529998779296875,98800,0.023514396579393804,100.78198580661454
2026-07-27 14:40:00-03:00,ITUB4.SA,42.540000915527344,42.540000915527344,42.5099983215332,42.5099983215332,55200,-0.047026706648789496,100.73459135779446
2026-07-27 14:45:00-03:00,ITUB4.SA,42.5099983215332,42.529998779296875,42.470001220703125,42.5,111200,-0.02351992925894164,100.71089865316782
2026-07-27 14:50:00-03:00,ITUB4.SA,42.5099983215332,42.540000915527344,42.4900016784668,42.540000915527344,79300,0.09411980124081065,100.80568755080802
2026-07-27 14:55:00-03:00,ITUB4.SA,42.529998779296875,42.61000061035156,42.5099983215332,42.599998474121094,206600,0.14103798143514368,100.94786185770148
2026-07-27 15:00:00-03:00,ITUB4.SA,42.59000015258789,42.599998474121094,42.52000045776367,42.52000045776367,74200,-0.18778877751842726,100.75829310198792
2026-07-27 15:05:00-03:00,ITUB4.SA,42.52000045776367,42.529998779296875,42.470001220703125,42.470001220703125,306500,-0.11758992596957452,100.63981149972108
2026-07-27 15:10:00-03:00,ITUB4.SA,42.470001220703125,42.5,42.459999084472656,42.4900016784668,53500,0.047093141485299306,100.68720594854119
2026-07-27 15:15:00-03:00,ITUB4.SA,42.47999954223633,42.5,42.459999084472656,42.4900016784668,63500,0.0,100.68720594854119
2026-07-27 15:20:00-03:00,ITUB4.SA,42.4900016784668,42.5,42.47999954223633,42.4900016784668,59400,0.0,100.68720594854119
2026-07-27 15:25:00-03:00,ITUB4.SA,42.5,42.529998779296875,42.4900016784668,42.5,70900,0.023530998207199616,100.71089865316782
2026-07-27 15:30:00-03:00,ITUB4.SA,42.5,42.5,42.470001220703125,42.47999954223633,66300,-0.047059900620405326,100.66350420434773
2026-07-27 15:35:00-03:00,ITUB4.SA,42.470001220703125,42.5,42.45000076293945,42.459999084472656,100100,-0.047082057389824516,100.61610975552762
2026-07-27 15:40:00-03:00,ITUB4.SA,42.459999084472656,42.5,42.439998626708984,42.47999954223633,88600,0.047104235032802144,100.66350420434773
2026-07-27 15:45:00-03:00,ITUB4.SA,42.4900016784668,42.52000045776367,42.47999954223633,42.5099983215332,60200,0.07061859609260868,100.73459135779446
2026-07-27 15:50:00-03:00,ITUB4.SA,42.52000045776367,42.54999923706055,42.5,42.529998779296875,155500,0.04704883216506417,100.78198580661454
2026-07-27 15:55:00-03:00,ITUB4.SA,42.52000045776367,42.54999923706055,42.5099983215332,42.529998779296875,82700,0.0,100.78198580661454
2026-07-27 16:00:00-03:00,ITUB4.SA,42.540000915527344,42.54999923706055,42.529998779296875,42.540000915527344,66800,0.023517838037978578,100.80568755080802
2026-07-27 16:05:00-03:00,ITUB4.SA,42.540000915527344,42.56999969482422,42.52000045776367,42.560001373291016,122200,0.0470156495844698,100.8530819996281
2026-07-27 16:10:00-03:00,ITUB4.SA,42.54999923706055,42.560001373291016,42.52000045776367,42.529998779296875,174900,-0.07049481444089123,100.78198580661454
2026-07-27 16:15:00-03:00,ITUB4.SA,42.529998779296875,42.560001373291016,42.52000045776367,42.560001373291016,100900,0.07054454468675697,100.8530819996281
2026-07-27 16:20:00-03:00,ITUB4.SA,42.560001373291016,42.61000061035156,42.540000915527344,42.599998474121094,191800,0.09397814741420873,100.94786185770148
2026-07-27 16:25:00-03:00,ITUB4.SA,42.61000061035156,42.61000061035156,42.56999969482422,42.58000183105469,102900,-0.04694047836305559,100.90047644844822
2026-07-27 16:30:00-03:00,ITUB4.SA,42.56999969482422,42.63999938964844,42.56999969482422,42.61000061035156,133100,0.07045274308794536,100.97156360189494
2026-07-27 16:35:00-03:00,ITUB4.SA,42.61000061035156,42.63999938964844,42.599998474121094,42.619998931884766,148000,0.023464729852107347,100.9952563065216
2026-07-27 16:40:00-03:00,ITUB4.SA,42.63999938964844,42.68000030517578,42.61000061035156,42.65999984741211,227200,0.09385480180623684,101.09004520416178
2026-07-27 16:45:00-03:00,ITUB4.SA,42.68000030517578,42.790000915527344,42.650001525878906,42.779998779296875,320200,0.2812914493998564,101.37440285751555
2026-07-27 16:50:00-03:00,ITUB4.SA,42.790000915527344,42.810001373291016,42.72999954223633,42.77000045776367,405800,-0.023371486251755336,101.3507101528889
2026-07-28 10:05:00-03:00,ITUB4.SA,43.5,43.66999816894531,43.47999954223633,43.560001373291016,356100,1.8470912019453722,103.22275020323207
2026-07-28 10:10:00-03:00,ITUB4.SA,43.560001373291016,43.560001373291016,43.27000045776367,43.31999969482422,362500,-0.5509680231873371,102.6540258569577
2026-07-28 10:15:00-03:00,ITUB4.SA,43.31999969482422,43.33000183105469,43.279998779296875,43.31999969482422,121400,0.0,102.6540258569577
2026-07-28 10:20:00-03:00,ITUB4.SA,43.31999969482422,43.41999816894531,43.29999923706055,43.310001373291016,133200,-0.023080151439602847,102.63033315233108
2026-07-28 10:25:00-03:00,ITUB4.SA,43.33000183105469,43.33000183105469,43.189998626708984,43.22999954223633,178100,-0.1847190683859523,102.44075535705068
2026-07-28 10:30:00-03:00,ITUB4.SA,43.22999954223633,43.34000015258789,43.150001525878906,43.15999984741211,352300,-0.1619238851849336,102.27487930596375
2026-07-28 10:35:00-03:00,ITUB4.SA,43.16999816894531,43.2400016784668,42.9900016784668,42.9900016784668,299400,-0.3938789841203105,101.87204005034316
2026-07-28 10:40:00-03:00,ITUB4.SA,42.9900016784668,43.02000045776367,42.81999969482422,42.869998931884766,279200,-0.27914106047159937,101.58767335742257
2026-07-28 10:45:00-03:00,ITUB4.SA,42.849998474121094,42.90999984741211,42.689998626708984,42.7599983215332,674800,-0.2565911198792903,101.32700840869543
2026-07-28 10:50:00-03:00,ITUB4.SA,42.77000045776367,42.779998779296875,42.599998474121094,42.650001525878906,608100,-0.2572422824415832,101.06635249953516
2026-07-28 10:55:00-03:00,ITUB4.SA,42.650001525878906,42.68000030517578,42.61000061035156,42.66999816894531,81700,0.046885445137134774,101.11373790878841
2026-07-28 11:00:00-03:00,ITUB4.SA,42.66999816894531,42.7400016784668,42.619998931884766,42.7400016784668,192500,0.16405791545692772,101.27962299944218
2026-07-28 11:05:00-03:00,ITUB4.SA,42.7400016784668,42.79999923706055,42.72999954223633,42.779998779296875,165300,0.09358235671346193,101.37440285751555
2026-07-28 11:10:00-03:00,ITUB4.SA,42.779998779296875,42.900001525878906,42.77000045776367,42.849998474121094,161800,0.1636271547957424,101.54027890860246
2026-07-28 11:15:00-03:00,ITUB4.SA,42.84000015258789,42.880001068115234,42.72999954223633,42.75,190700,-0.2333686760373821,101.30331570406881
2026-07-28 11:20:00-03:00,ITUB4.SA,42.7400016784668,42.81999969482422,42.689998626708984,42.779998779296875,111300,0.07017258315058506,101.37440285751555
2026-07-28 11:25:00-03:00,ITUB4.SA,42.790000915527344,42.81999969482422,42.75,42.810001373291016,117100,0.07013229277756938,101.44549905052911
2026-07-28 11:30:00-03:00,ITUB4.SA,42.81999969482422,42.86000061035156,42.790000915527344,42.849998474121094,107800,0.09342933788138996,101.54027890860246
2026-07-28 11:35:00-03:00,ITUB4.SA,42.83000183105469,42.849998474121094,42.790000915527344,42.84000015258789,82500,-0.023333306626005523,101.51658620397583
2026-07-28 11:40:00-03:00,ITUB4.SA,42.849998474121094,42.900001525878906,42.83000183105469,42.86000061035156,89900,0.04668640917935285,101.56398065279592
2026-07-28 11:45:00-03:00,ITUB4.SA,42.86000061035156,42.900001525878906,42.83000183105469,42.86000061035156,141000,0.0,101.56398065279592
2026-07-28 11:50:00-03:00,ITUB4.SA,42.86000061035156,42.88999938964844,42.83000183105469,42.849998474121094,77200,-0.02333676175462207,101.54027890860246
2026-07-28 11:55:00-03:00,ITUB4.SA,42.849998474121094,42.869998931884766,42.79999923706055,42.810001373291016,80200,-0.09334212894834826,101.44549905052911
2026-07-28 12:00:00-03:00,ITUB4.SA,42.810001373291016,42.88999938964844,42.79999923706055,42.84000015258789,267400,0.07007423110150235,101.51658620397583
2026-07-28 12:05:00-03:00,ITUB4.SA,42.81999969482422,42.84000015258789,42.79999923706055,42.81999969482422,79200,-0.04668640917935285,101.46919175515575
2026-07-28 12:10:00-03:00,ITUB4.SA,42.83000183105469,42.900001525878906,42.79999923706055,42.849998474121094,154700,0.07005786901137512,101.54027890860246
2026-07-28 12:15:00-03:00,ITUB4.SA,42.84000015258789,42.84000015258789,42.77000045776367,42.790000915527344,152700,-0.14001764464468547,101.398104601709
2026-07-28 12:20:00-03:00,ITUB4.SA,42.79999923706055,42.849998474121094,42.790000915527344,42.81999969482422,132100,0.07010698447074137,101.46919175515575
2026-07-28 12:25:00-03:00,ITUB4.SA,42.83000183105469,42.86000061035156,42.810001373291016,42.83000183105469,114600,0.023358562124609072,101.49289349934921
2026-07-28 12:30:00-03:00,ITUB4.SA,42.83000183105469,42.880001068115234,42.83000183105469,42.869998931884766,85400,0.09338570889594333,101.58767335742257
2026-07-28 12:35:00-03:00,ITUB4.SA,42.869998931884766,42.880001068115234,42.84000015258789,42.869998931884766,154200,0.0,101.58767335742257
2026-07-28 12:40:00-03:00,ITUB4.SA,42.869998931884766,42.91999816894531,42.86000061035156,42.900001525878906,131100,0.06998505887954032,101.65876955043613
2026-07-28 12:45:00-03:00,ITUB4.SA,42.90999984741211,42.95000076293945,42.88999938964844,42.90999984741211,181100,0.0233061099710552,101.68246225506277
2026-07-28 12:50:00-03:00,ITUB4.SA,42.91999816894531,42.959999084472656,42.90999984741211,42.959999084472656,85000,0.11652117743730095,101.8009438573296
2026-07-28 12:55:00-03:00,ITUB4.SA,42.959999084472656,43.0,42.95000076293945,42.97999954223633,94200,0.04655600137315474,101.8483383061497
2026-07-28 13:00:00-03:00,ITUB4.SA,42.97999954223633,43.02000045776367,42.93000030517578,42.939998626708984,102100,-0.0930686736932973,101.75354940850951
2026-07-28 13:05:00-03:00,ITUB4.SA,42.939998626708984,42.939998626708984,42.880001068115234,42.880001068115234,83000,-0.13972417445871077,101.61137510161602
2026-07-28 13:10:00-03:00,ITUB4.SA,42.88999938964844,42.959999084472656,42.880001068115234,42.959999084472656,87100,0.18656253349980112,101.8009438573296
2026-07-28 13:15:00-03:00,ITUB4.SA,42.939998626708984,42.97999954223633,42.90999984741211,42.90999984741211,124900,-0.11638556360821228,101.68246225506277
2026-07-28 13:20:00-03:00,ITUB4.SA,42.90999984741211,42.939998626708984,42.880001068115234,42.880001068115234,105000,-0.06991092846317937,101.61137510161602
2026-07-28 13:25:00-03:00,ITUB4.SA,42.880001068115234,42.88999938964844,42.869998931884766,42.880001068115234,82800,0.0,101.61137510161602
2026-07-28 13:30:00-03:00,ITUB4.SA,42.869998931884766,42.959999084472656,42.869998931884766,42.939998626708984,2071500,0.13991967607100975,101.75354940850951
2026-07-28 13:35:00-03:00,ITUB4.SA,42.93000030517578,42.9900016784668,42.93000030517578,42.95000076293945,141600,0.02329328493329008,101.77725115270295
2026-07-28 13:40:00-03:00,ITUB4.SA,42.95000076293945,43.0,42.95000076293945,42.95000076293945,62100,0.0,101.77725115270295
2026-07-28 13:45:00-03:00,ITUB4.SA,42.95000076293945,42.95000076293945,42.869998931884766,42.880001068115234,96100,-0.16297949611357998,101.61137510161602
2026-07-28 13:50:00-03:00,ITUB4.SA,42.869998931884766,42.91999816894531,42.869998931884766,42.91999816894531,82400,0.09327681864219617,101.7061549596894
2026-07-28 13:55:00-03:00,ITUB4.SA,42.90999984741211,42.939998626708984,42.88999938964844,42.93000030517578,64200,0.023304139462210216,101.72985670388286
2026-07-28 14:00:00-03:00,ITUB4.SA,42.91999816894531,42.970001220703125,42.91999816894531,42.939998626708984,129800,0.023289824044092633,101.75354940850951
2026-07-28 14:05:00-03:00,ITUB4.SA,42.95000076293945,42.95000076293945,42.90999984741211,42.90999984741211,55400,-0.06986208722935539,101.68246225506277
2026-07-28 14:10:00-03:00,ITUB4.SA,42.90999984741211,42.970001220703125,42.90999984741211,42.93000030517578,94600,0.04661024897412158,101.72985670388286
2026-07-28 14:15:00-03:00,ITUB4.SA,42.95000076293945,42.95000076293945,42.880001068115234,42.88999938964844,74400,-0.09317706788490865,101.63506780624267
2026-07-28 14:20:00-03:00,ITUB4.SA,42.900001525878906,42.970001220703125,42.88999938964844,42.90999984741211,114800,0.04663198425807202,101.68246225506277
2026-07-28 14:25:00-03:00,ITUB4.SA,42.93000030517578,42.95000076293945,42.900001525878906,42.900001525878906,63800,-0.023300679489068887,101.65876955043613
2026-07-28 14:30:00-03:00,ITUB4.SA,42.90999984741211,42.939998626708984,42.900001525878906,42.939998626708984,75100,0.09323333195210282,101.75354940850951
2026-07-28 14:35:00-03:00,ITUB4.SA,42.939998626708984,42.939998626708984,42.84000015258789,42.86000061035156,100600,-0.18630186054002795,101.56398065279592
2026-07-28 14:40:00-03:00,ITUB4.SA,42.86000061035156,42.869998931884766,42.83000183105469,42.86000061035156,63400,0.0,101.56398065279592
2026-07-28 14:45:00-03:00,ITUB4.SA,42.84000015258789,42.880001068115234,42.81999969482422,42.849998474121094,89300,-0.02333676175462207,101.54027890860246
2026-07-28 14:50:00-03:00,ITUB4.SA,42.86000061035156,42.880001068115234,42.849998474121094,42.849998474121094,1069500,0.0,101.54027890860246
2026-07-28 14:55:00-03:00,ITUB4.SA,42.869998931884766,42.869998931884766,42.83000183105469,42.869998931884766,54700,0.04667551569634831,101.58767335742257
2026-07-28 15:00:00-03:00,ITUB4.SA,42.86000061035156,42.88999938964844,42.849998474121094,42.880001068115234,77600,0.023331319056851818,101.61137510161602
2026-07-28 15:05:00-03:00,ITUB4.SA,42.86000061035156,42.86000061035156,42.81999969482422,42.84000015258789,78400,-0.09328571485761605,101.51658620397583
2026-07-28 15:10:00-03:00,ITUB4.SA,42.84000015258789,42.869998931884766,42.75,42.75,157700,-0.2100843890460502,101.30331570406881
2026-07-28 15:15:00-03:00,ITUB4.SA,42.75,42.810001373291016,42.75,42.779998779296875,134100,0.07017258315058506,101.37440285751555
2026-07-28 15:20:00-03:00,ITUB4.SA,42.779998779296875,42.81999969482422,42.779998779296875,42.79999923706055,58500,0.04675188951466236,101.42179730633565
2026-07-28 15:25:00-03:00,ITUB4.SA,42.810001373291016,42.81999969482422,42.779998779296875,42.779998779296875,68900,-0.046730042336906585,101.37440285751555
2026-07-28 15:30:00-03:00,ITUB4.SA,42.779998779296875,42.84000015258789,42.779998779296875,42.810001373291016,89000,0.07013229277756938,101.44549905052911
2026-07-28 15:35:00-03:00,ITUB4.SA,42.81999969482422,42.83000183105469,42.790000915527344,42.81999969482422,92200,0.023355106779887613,101.46919175515575
2026-07-28 15:40:00-03:00,ITUB4.SA,42.79999923706055,42.83000183105469,42.79999923706055,42.810001373291016,60400,-0.023349653443394125,101.44549905052911
2026-07-28 15:45:00-03:00,ITUB4.SA,42.790000915527344,42.81999969482422,42.779998779296875,42.779998779296875,149100,-0.07008314186334186,101.37440285751555
2026-07-28 15:50:00-03:00,ITUB4.SA,42.779998779296875,42.83000183105469,42.779998779296875,42.779998779296875,97200,0.0,101.37440285751555
2026-07-28 15:55:00-03:00,ITUB4.SA,42.779998779296875,42.81999969482422,42.7599983215332,42.790000915527344,133600,0.023380403262907024,101.398104601709
2026-07-28 16:00:00-03:00,ITUB4.SA,42.790000915527344,42.83000183105469,42.790000915527344,42.81999969482422,95700,0.07010698447074137,101.46919175515575
2026-07-28 16:05:00-03:00,ITUB4.SA,42.79999923706055,42.81999969482422,42.790000915527344,42.790000915527344,57700,-0.07005786901138622,101.398104601709
2026-07-28 16:10:00-03:00,ITUB4.SA,42.79999923706055,42.83000183105469,42.790000915527344,42.79999923706055,49600,0.023366023181314866,101.42179730633565
2026-07-28 16:15:00-03:00,ITUB4.SA,42.79999923706055,42.849998474121094,42.790000915527344,42.83000183105469,198400,0.07009951992746899,101.49289349934921
2026-07-28 16:20:00-03:00,ITUB4.SA,42.83000183105469,42.849998474121094,42.81999969482422,42.83000183105469,79400,0.0,101.49289349934921
2026-07-28 16:25:00-03:00,ITUB4.SA,42.83000183105469,42.849998474121094,42.79999923706055,42.84000015258789,107400,0.023344200573793827,101.51658620397583
2026-07-28 16:30:00-03:00,ITUB4.SA,42.81999969482422,42.849998474121094,42.810001373291016,42.83000183105469,105900,-0.0233387523286388,101.49289349934921
2026-07-28 16:35:00-03:00,ITUB4.SA,42.83000183105469,42.849998474121094,42.689998626708984,42.689998626708984,94000,-0.32688115423845643,101.16113235760851
2026-07-28 16:40:00-03:00,ITUB4.SA,42.779998779296875,42.790000915527344,42.7400016784668,42.7599983215332,323000,0.16397211777003928,101.32700840869543
2026-07-28 16:45:00-03:00,ITUB4.SA,42.75,42.79999923706055,42.70000076293945,42.70000076293945,322100,-0.140312350207783,101.18483410180197
2026-07-28 16:50:00-03:00,ITUB4.SA,42.709999084472656,42.7400016784668,42.689998626708984,42.720001220703125,212900,0.04683947870331995,101.23222855062207
2026-07-29 10:00:00-03:00,ITUB4.SA,42.650001525878906,42.72999954223633,42.45000076293945,42.630001068115234,0,-0.21067450846483649,101.01895805071504
2026-07-29 10:05:00-03:00,ITUB4.SA,42.630001068115234,42.68000030517578,42.33000183105469,42.400001525878906,268500,-0.5395250679652297,100.47393544863414
2026-07-29 10:10:00-03:00,ITUB4.SA,42.400001525878906,42.45000076293945,42.20000076293945,42.20000076293945,223700,-0.4716998956176499,100.0
2026-07-29 10:15:00-03:00,ITUB4.SA,42.209999084472656,42.290000915527344,42.16999816894531,42.220001220703125,216300,0.047394448820092805,100.04739444882009
2026-07-29 10:20:00-03:00,ITUB4.SA,42.209999084472656,42.25,42.150001525878906,42.16999816894531,411400,-0.11843451045020492,99.92890380698644
2026-07-29 10:25:00-03:00,ITUB4.SA,42.18000030517578,42.310001373291016,42.15999984741211,42.279998779296875,169000,0.26085040343342136,100.18956875571357
2026-07-29 10:30:00-03:00,ITUB4.SA,42.279998779296875,42.470001220703125,42.279998779296875,42.31999969482422,267300,0.09460954749822559,100.28435765335377
2026-07-29 10:35:00-03:00,ITUB4.SA,42.310001373291016,42.47999954223633,42.279998779296875,42.400001525878906,353900,0.18904024487615967,100.47393544863414
2026-07-29 10:40:00-03:00,ITUB4.SA,42.38999938964844,42.40999984741211,42.310001373291016,42.31999969482422,73100,-0.18868355701793238,100.28435765335377
2026-07-29 10:45:00-03:00,ITUB4.SA,42.310001373291016,42.33000183105469,42.150001525878906,42.189998626708984,456300,-0.30718589095626303,99.97629825580654
2026-07-29 10:50:00-03:00,ITUB4.SA,42.189998626708984,42.20000076293945,42.029998779296875,42.06999969482422,277600,-0.28442506705558257,99.69194060245277
2026-07-29 10:55:00-03:00,ITUB4.SA,42.060001373291016,42.11000061035156,42.02000045776367,42.099998474121094,125200,0.07130682080933592,99.76302775589951
2026-07-29 11:00:00-03:00,ITUB4.SA,42.099998474121094,42.16999816894531,42.060001373291016,42.11000061035156,199400,0.023758044163857406,99.78672950009297
2026-07-29 11:05:00-03:00,ITUB4.SA,42.09000015258789,42.20000076293945,42.08000183105469,42.18000030517578,223600,0.16623057185853884,99.95260555117991
2026-07-29 11:10:00-03:00,ITUB4.SA,42.18000030517578,42.20000076293945,42.130001068115234,42.150001525878906,243700,-0.07112086078669977,99.88151839773317
2026-07-29 11:15:00-03:00,ITUB4.SA,42.150001525878906,42.220001220703125,42.130001068115234,42.20000076293945,405600,0.11862214768805224,100.0
2026-07-29 11:20:00-03:00,ITUB4.SA,42.20000076293945,42.22999954223633,42.130001068115234,42.15999984741211,361600,-0.09478889764019671,99.9052111023598
2026-07-29 11:25:00-03:00,ITUB4.SA,42.15999984741211,42.189998626708984,42.150001525878906,42.15999984741211,61600,0.0,99.9052111023598
2026-07-29 11:30:00-03:00,ITUB4.SA,42.18000030517578,42.18000030517578,42.09000015258789,42.099998474121094,141600,-0.14231824835905238,99.76302775589951
2026-07-29 11:35:00-03:00,ITUB4.SA,42.09000015258789,42.09000015258789,42.060001373291016,42.09000015258789,107000,-0.02374898312490492,99.73933505127287
2026-07-29 11:40:00-03:00,ITUB4.SA,42.08000183105469,42.09000015258789,42.0,42.060001373291016,246400,-0.07127293701145732,99.66824789782613
2026-07-29 11:45:00-03:00,ITUB4.SA,42.04999923706055,42.099998474121094,42.040000915527344,42.08000183105469,89900,0.04755220425736173,99.71564234664623
2026-07-29 11:50:00-03:00,ITUB4.SA,42.060001373291016,42.13999938964844,42.060001373291016,42.130001068115234,54800,0.118819474536358,99.83412394891306
2026-07-29 11:55:00-03:00,ITUB4.SA,42.119998931884766,42.13999938964844,42.08000183105469,42.099998474121094,65600,-0.071214320516233,99.76302775589951
2026-07-29 12:00:00-03:00,ITUB4.SA,42.11000061035156,42.119998931884766,42.06999969482422,42.08000183105469,65400,-0.04749796624980984,99.71564234664623
2026-07-29 12:05:00-03:00,ITUB4.SA,42.06999969482422,42.130001068115234,42.060001373291016,42.119998931884766,160100,0.09505014042219262,99.8104222047196
2026-07-29 12:10:00-03:00,ITUB4.SA,42.13999938964844,42.220001220703125,42.119998931884766,42.209999084472656,178000,0.21367558136322629,100.02369270462663
2026-07-29 12:15:00-03:00,ITUB4.SA,42.20000076293945,42.25,42.16999816894531,42.189998626708984,256200,-0.04738322245315674,99.97629825580654
2026-07-29 12:20:00-03:00,ITUB4.SA,42.20000076293945,42.209999084472656,42.13999938964844,42.150001525878906,83000,-0.09480232787861809,99.88151839773317
2026-07-29 12:25:00-03:00,ITUB4.SA,42.15999984741211,42.16999816894531,42.11000061035156,42.15999984741211,68400,0.023720809421723388,99.9052111023598
2026-07-29 12:30:00-03:00,ITUB4.SA,42.13999938964844,42.150001525878906,42.09000015258789,42.13999938964844,266400,-0.04743941611968783,99.85781665353971
2026-07-29 12:35:00-03:00,ITUB4.SA,42.13999938964844,42.15999984741211,42.099998474121094,42.119998931884766,86000,-0.0474619317829994,99.8104222047196
2026-07-29 12:40:00-03:00,ITUB4.SA,42.11000061035156,42.130001068115234,42.04999923706055,42.099998474121094,139800,-0.04748446882920643,99.76302775589951
2026-07-29 12:45:00-03:00,ITUB4.SA,42.099998474121094,42.119998931884766,42.08000183105469,42.09000015258789,90200,-0.02374898312490492,99.73933505127287
2026-07-29 12:50:00-03:00,ITUB4.SA,42.09000015258789,42.119998931884766,42.06999969482422,42.09000015258789,64400,0.0,99.73933505127287
2026-07-29 12:55:00-03:00,ITUB4.SA,42.08000183105469,42.09000015258789,42.06999969482422,42.06999969482422,58000,-0.047518312404759566,99.69194060245277
2026-07-29 13:00:00-03:00,ITUB4.SA,42.06999969482422,42.099998474121094,42.02000045776367,42.029998779296875,115100,-0.09508180607917804,99.59715170481257
2026-07-29 13:05:00-03:00,ITUB4.SA,42.029998779296875,42.04999923706055,42.0099983215332,42.029998779296875,37300,0.0,99.59715170481257
2026-07-29 13:10:00-03:00,ITUB4.SA,42.029998779296875,42.029998779296875,41.97999954223633,41.97999954223633,90200,-0.11896083395838142,99.47867010254575
2026-07-29 13:15:00-03:00,ITUB4.SA,41.97999954223633,41.9900016784668,41.970001220703125,41.97999954223633,45800,0.0,99.47867010254575
2026-07-29 13:20:00-03:00,ITUB4.SA,41.9900016784668,42.040000915527344,41.97999954223633,42.02000045776367,64600,0.09528565022278723,99.57345900018595
2026-07-29 13:25:00-03:00,ITUB4.SA,42.02000045776367,42.06999969482422,42.02000045776367,42.060001373291016,123000,0.0951949431022836,99.66824789782613
2026-07-29 13:30:00-03:00,ITUB4.SA,42.060001373291016,42.060001373291016,42.0099983215332,42.02000045776367,114700,-0.09510440851470126,99.57345900018595
2026-07-29 13:35:00-03:00,ITUB4.SA,42.02000045776367,42.040000915527344,42.0,42.0099983215332,82900,-0.023803274920286555,99.54975725599249
2026-07-29 13:40:00-03:00,ITUB4.SA,42.0099983215332,42.040000915527344,42.0099983215332,42.040000915527344,1057700,0.07141774623391495,99.62085344900603
2026-07-29 13:45:00-03:00,ITUB4.SA,42.029998779296875,42.040000915527344,41.970001220703125,41.97999954223633,156800,-0.14272448140897342,99.47867010254575
2026-07-29 13:50:00-03:00,ITUB4.SA,41.970001220703125,42.029998779296875,41.93000030517578,42.029998779296875,223300,0.11910251930860039,99.59715170481257
2026-07-29 13:55:00-03:00,ITUB4.SA,42.02000045776367,42.040000915527344,41.9900016784668,42.0099983215332,115600,-0.047586148809319884,99.54975725599249
2026-07-29 14:00:00-03:00,ITUB4.SA,42.0,42.02000045776367,41.959999084472656,42.02000045776367,134300,0.023808942228265018,99.57345900018595
2026-07-29 14:05:00-03:00,ITUB4.SA,42.02000045776367,42.02000045776367,41.93000030517578,41.939998626708984,98500,-0.190389886204545,99.38388120490555
2026-07-29 14:10:00-03:00,ITUB4.SA,41.93000030517578,41.970001220703125,41.91999816894531,41.970001220703125,1646200,0.071536945580708,99.45497739791911
2026-07-29 14:15:00-03:00,ITUB4.SA,41.970001220703125,41.97999954223633,41.939998626708984,41.95000076293945,51700,-0.04765417484383638,99.40758294909901
2026-07-29 14:20:00-03:00,ITUB4.SA,41.95000076293945,42.0,41.95000076293945,41.97999954223633,68700,0.07151079559306606,99.47867010254575
2026-07-29 14:25:00-03:00,ITUB4.SA,41.97999954223633,41.9900016784668,41.93000030517578,41.97999954223633,165000,0.0,99.47867010254575
2026-07-29 14:30:00-03:00,ITUB4.SA,41.97999954223633,42.02000045776367,41.939998626708984,41.95000076293945,145900,-0.07145969419721787,99.40758294909901
2026-07-29 14:35:00-03:00,ITUB4.SA,41.939998626708984,41.970001220703125,41.91999816894531,41.939998626708984,82700,-0.023842994156286768,99.38388120490555
2026-07-29 14:40:00-03:00,ITUB4.SA,41.939998626708984,41.97999954223633,41.939998626708984,41.959999084472656,96600,0.04768826518495306,99.43127565372565
2026-07-29 14:45:00-03:00,ITUB4.SA,41.959999084472656,42.0099983215332,41.95000076293945,41.970001220703125,259100,0.023837312794827703,99.45497739791911
2026-07-29 14:50:00-03:00,ITUB4.SA,41.97999954223633,42.0099983215332,41.959999084472656,41.9900016784668,140900,0.04765417484382528,99.50237184673921
2026-07-29 14:55:00-03:00,ITUB4.SA,41.9900016784668,42.040000915527344,41.939998626708984,42.02000045776367,290500,0.0714426722975281,99.57345900018595
2026-07-29 15:00:00-03:00,ITUB4.SA,42.029998779296875,42.16999816894531,42.029998779296875,42.09000015258789,809300,0.16658661128425845,99.73933505127287
2026-07-29 15:05:00-03:00,ITUB4.SA,42.099998474121094,42.130001068115234,42.0099983215332,42.04999923706055,292300,-0.09503662480953023,99.64454615363269
2026-07-29 15:10:00-03:00,ITUB4.SA,42.04999923706055,42.09000015258789,42.02000045776367,42.02000045776367,172000,-0.07134073683986442,99.57345900018595
2026-07-29 15:15:00-03:00,ITUB4.SA,42.029998779296875,42.060001373291016,42.0,42.0099983215332,169800,-0.023803274920286555,99.54975725599249
2026-07-29 15:20:00-03:00,ITUB4.SA,42.0099983215332,42.02000045776367,41.97999954223633,41.97999954223633,100700,-0.07140866578301264,99.47867010254575
2026-07-29 15:25:00-03:00,ITUB4.SA,41.97999954223633,42.02000045776367,41.970001220703125,42.0099983215332,102800,0.07145969419721787,99.54975725599249
2026-07-29 15:30:00-03:00,ITUB4.SA,42.02000045776367,42.04999923706055,41.95000076293945,42.0,192500,-0.02379986177737381,99.52606455136585
2026-07-29 15:35:00-03:00,ITUB4.SA,42.0,42.06999969482422,41.97999954223633,42.060001373291016,113400,0.14286041259765625,99.66824789782613
2026-07-29 15:40:00-03:00,ITUB4.SA,42.060001373291016,42.130001068115234,42.040000915527344,42.11000061035156,388500,0.11887597581559106,99.78672950009297
2026-07-29 15:45:00-03:00,ITUB4.SA,42.119998931884766,42.220001220703125,42.11000061035156,42.20000076293945,235900,0.21372631508764783,100.0
2026-07-29 15:50:00-03:00,ITUB4.SA,42.220001220703125,42.220001220703125,42.150001525878906,42.209999084472656,264600,0.0236927046266322,100.02369270462663
2026-07-29 15:55:00-03:00,ITUB4.SA,42.220001220703125,42.2599983215332,42.16999816894531,42.2400016784668,193200,0.07107935239254459,100.09478889764019
2026-07-29 16:00:00-03:00,ITUB4.SA,42.2599983215332,42.29999923706055,42.18000030517578,42.20000076293945,294100,-0.09469913337559754,100.0
2026-07-29 16:05:00-03:00,ITUB4.SA,42.209999084472656,42.209999084472656,42.130001068115234,42.130001068115234,128600,-0.16587605108693282,99.83412394891306
2026-07-29 16:10:00-03:00,ITUB4.SA,42.13999938964844,42.18000030517578,42.11000061035156,42.150001525878906,190700,0.04747319548208395,99.88151839773317
2026-07-29 16:15:00-03:00,ITUB4.SA,42.13999938964844,42.20000076293945,42.13999938964844,42.15999984741211,162200,0.023720809421723388,99.9052111023598
2026-07-29 16:20:00-03:00,ITUB4.SA,42.15999984741211,42.16999816894531,42.02000045776367,42.029998779296875,182100,-0.3083516807062203,99.59715170481257
2026-07-29 16:25:00-03:00,ITUB4.SA,42.029998779296875,42.029998779296875,41.970001220703125,41.970001220703125,215200,-0.14274937029811197,99.45497739791911
2026-07-29 16:30:00-03:00,ITUB4.SA,41.970001220703125,42.029998779296875,41.900001525878906,41.90999984741211,247600,-0.14296252453149805,99.31279405145882
2026-07-29 16:35:00-03:00,ITUB4.SA,41.91999816894531,41.95000076293945,41.869998931884766,41.900001525878906,171900,-0.02385664893725936,99.28910134683218
2026-07-29 16:40:00-03:00,ITUB4.SA,41.900001525878906,41.93000030517578,41.849998474121094,41.880001068115234,469900,-0.04773378767377601,99.24170689801208
2026-07-29 16:45:00-03:00,ITUB4.SA,41.880001068115234,41.900001525878906,41.849998474121094,41.900001525878906,319800,0.047756583700042654,99.28910134683218
2026-07-29 16:50:00-03:00,ITUB4.SA,41.900001525878906,41.970001220703125,41.86000061035156,41.91999816894531,486700,0.04772468338469782,99.33648675608546
2026-07-30 10:00:00-03:00,ITUB4.SA,42.189998626708984,42.279998779296875,42.099998474121094,42.099998474121094,51300,0.42939005972839617,99.76302775589951
2026-07-30 10:05:00-03:00,ITUB4.SA,42.08000183105469,42.25,42.060001373291016,42.099998474121094,217300,0.0,99.76302775589951
2026-07-30 10:10:00-03:00,ITUB4.SA,42.060001373291016,42.130001068115234,42.0,42.08000183105469,73100,-0.04749796624980984,99.71564234664623
2026-07-30 10:15:00-03:00,ITUB4.SA,42.09000015258789,42.119998931884766,41.970001220703125,42.0,131800,-0.19011841153402376,99.52606455136585
2026-07-30 10:20:00-03:00,ITUB4.SA,42.02000045776367,42.099998474121094,41.970001220703125,42.08000183105469,45400,0.19048055013020093,99.71564234664623
2026-07-30 10:25:00-03:00,ITUB4.SA,42.11000061035156,42.11000061035156,41.849998474121094,41.88999938964844,282700,-0.4515266947208829,99.26539960263872
2026-07-30 10:30:00-03:00,ITUB4.SA,41.86000061035156,42.04999923706055,41.83000183105469,42.02000045776367,102400,0.3103391501775965,99.57345900018595
2026-07-30 10:35:00-03:00,ITUB4.SA,42.02000045776367,42.02000045776367,41.91999816894531,42.0099983215332,46600,-0.023803274920286555,99.54975725599249
2026-07-30 10:40:00-03:00,ITUB4.SA,42.0099983215332,42.119998931884766,41.93000030517578,42.099998474121094,150700,0.21423507779994022,99.76302775589951
2026-07-30 10:45:00-03:00,ITUB4.SA,42.09000015258789,42.16999816894531,42.06999969482422,42.130001068115234,154400,0.07126507145263083,99.83412394891306
2026-07-30 10:50:00-03:00,ITUB4.SA,42.150001525878906,42.189998626708984,42.099998474121094,42.15999984741211,39200,0.07120526593002996,99.9052111023598
2026-07-30 10:55:00-03:00,ITUB4.SA,42.150001525878906,42.2400016784668,42.150001525878906,42.220001220703125,131500,0.14231824835904128,100.04739444882009
2026-07-30 11:00:00-03:00,ITUB4.SA,42.22999954223633,42.25,42.20000076293945,42.2400016784668,60900,0.047371997123168974,100.09478889764019
2026-07-30 11:05:00-03:00,ITUB4.SA,42.2400016784668,42.33000183105469,42.189998626708984,42.310001373291016,168900,0.1657189679040716,100.26066494872711
2026-07-30 11:10:00-03:00,ITUB4.SA,42.310001373291016,42.380001068115234,42.279998779296875,42.380001068115234,106500,0.16544479449818184,100.42654099981405
2026-07-30 11:15:00-03:00,ITUB4.SA,42.380001068115234,42.38999938964844,42.34000015258789,42.369998931884766,54000,-0.02360107592822569,100.40283925562059
2026-07-30 11:20:00-03:00,ITUB4.SA,42.380001068115234,42.45000076293945,42.369998931884766,42.43000030517578,154000,0.14161287421194935,100.54502260208089
2026-07-30 11:25:00-03:00,ITUB4.SA,42.41999816894531,42.439998626708984,42.36000061035156,42.38999938964844,101800,-0.09427507716153194,100.4502337044407
2026-07-30 11:30:00-03:00,ITUB4.SA,42.38999938964844,42.45000076293945,42.380001068115234,42.400001525878906,81100,0.02359550925803422,100.47393544863414
2026-07-30 11:35:00-03:00,ITUB4.SA,42.400001525878906,42.47999954223633,42.400001525878906,42.41999816894531,34600,0.047161892327296506,100.52132085788743
2026-07-30 11:40:00-03:00,ITUB4.SA,42.41999816894531,42.459999084472656,42.400001525878906,42.40999984741211,169600,-0.023569830185710128,100.49762815326079
2026-07-30 11:45:00-03:00,ITUB4.SA,42.41999816894531,42.45000076293945,42.36000061035156,42.43000030517578,44600,0.0471597685348657,100.54502260208089
2026-07-24 10:00:00-03:00,BBAS3.SA,20.799999237060547,20.809999465942383,20.75,20.790000915527344,0,,100.0
2026-07-24 10:05:00-03:00,BBAS3.SA,20.790000915527344,20.81999969482422,20.780000686645508,20.799999237060547,66100,0.04809197254886932,100.04809197254887
2026-07-24 10:10:00-03:00,BBAS3.SA,20.799999237060547,20.799999237060547,20.700000762939453,20.75,239100,-0.2403809562235959,99.80759541238179
2026-07-24 10:15:00-03:00,BBAS3.SA,20.75,20.770000457763672,20.700000762939453,20.729999542236328,195100,-0.09638774825866392,99.71139311857267
2026-07-24 10:20:00-03:00,BBAS3.SA,20.729999542236328,20.770000457763672,20.719999313354492,20.75,138900,0.09648074387518246,99.80759541238179
2026-07-24 10:25:00-03:00,BBAS3.SA,20.770000457763672,20.770000457763672,20.700000762939453,20.700000762939453,224700,-0.24096017860504304,99.56709885221471
2026-07-24 10:30:00-03:00,BBAS3.SA,20.709999084472656,20.729999542236328,20.639999389648438,20.639999389648438,172500,-0.28986169603645306,99.27849197078739
2026-07-24 10:35:00-03:00,BBAS3.SA,20.649999618530273,20.68000030517578,20.6299991607666,20.6299991607666,113600,-0.048450722759474374,99.23039082388283
2026-07-24 10:40:00-03:00,BBAS3.SA,20.639999389648438,20.649999618530273,20.610000610351562,20.6200008392334,73400,-0.0484649633540335,99.18229885133397
2026-07-24 10:45:00-03:00,BBAS3.SA,20.6200008392334,20.670000076293945,20.6200008392334,20.6200008392334,137600,0.0,99.18229885133397
2026-07-24 10:50:00-03:00,BBAS3.SA,20.6200008392334,20.639999389648438,20.579999923706055,20.6200008392334,220100,0.0,99.18229885133397
2026-07-24 10:55:00-03:00,BBAS3.SA,20.6200008392334,20.700000762939453,20.600000381469727,20.68000030517578,502600,0.29097702958489347,99.4708965584056
2026-07-24 11:00:00-03:00,BBAS3.SA,20.68000030517578,20.739999771118164,20.68000030517578,20.700000762939453,225500,0.09671401096964516,99.56709885221471
2026-07-24 11:05:00-03:00,BBAS3.SA,20.709999084472656,20.729999542236328,20.68000030517578,20.700000762939453,95700,0.0,99.56709885221471
2026-07-24 11:10:00-03:00,BBAS3.SA,20.700000762939453,20.719999313354492,20.639999389648438,20.649999618530273,157800,-0.24155141336371644,99.32659311769194
2026-07-24 11:15:00-03:00,BBAS3.SA,20.649999618530273,20.649999618530273,20.610000610351562,20.610000610351562,100500,-0.1936998010538371,99.13419770442941
2026-07-24 11:20:00-03:00,BBAS3.SA,20.610000610351562,20.670000076293945,20.600000381469727,20.649999618530273,127000,0.194075725347731,99.32659311769194
2026-07-24 11:25:00-03:00,BBAS3.SA,20.649999618530273,20.670000076293945,20.6200008392334,20.649999618530273,150800,0.0,99.32659311769194
2026-07-24 11:30:00-03:00,BBAS3.SA,20.649999618530273,20.68000030517578,20.6299991607666,20.639999389648438,88600,-0.04842725940228387,99.27849197078739
2026-07-24 11:35:00-03:00,BBAS3.SA,20.639999389648438,20.649999618530273,20.579999923706055,20.59000015258789,239500,-0.2422443727669088,99.03799541062031
2026-07-24 11:40:00-03:00,BBAS3.SA,20.59000015258789,20.600000381469727,20.559999465942383,20.56999969482422,129700,-0.0971367538390111,98.9417931168112
2026-07-24 11:45:00-03:00,BBAS3.SA,20.579999923706055,20.600000381469727,20.559999465942383,20.59000015258789,108200,0.09723120107145711,99.03799541062031
2026-07-24 11:50:00-03:00,BBAS3.SA,20.59000015258789,20.600000381469727,20.579999923706055,20.579999923706055,96800,-0.0485683769195111,98.98989426371575
2026-07-24 11:55:00-03:00,BBAS3.SA,20.579999923706055,20.6299991607666,20.579999923706055,20.610000610351562,102000,0.14577593176252623,99.13419770442941
2026-07-24 12:00:00-03:00,BBAS3.SA,20.600000381469727,20.6200008392334,20.56999969482422,20.56999969482422,140900,-0.19408497982893458,98.9417931168112
2026-07-24 12:05:00-03:00,BBAS3.SA,20.56999969482422,20.579999923706055,20.530000686645508,20.530000686645508,2142200,-0.19445312966521744,98.74939770354868
2026-07-24 12:10:00-03:00,BBAS3.SA,20.530000686645508,20.559999465942383,20.459999084472656,20.559999465942383,394800,0.14612166728464882,98.89369196990666
2026-07-24 12:15:00-03:00,BBAS3.SA,20.559999465942383,20.579999923706055,20.540000915527344,20.540000915527344,184900,-0.09726921660755394,98.79749885045324
2026-07-24 12:20:00-03:00,BBAS3.SA,20.559999465942383,20.59000015258789,20.540000915527344,20.56999969482422,68000,0.1460505256073219,98.9417931168112
2026-07-24 12:25:00-03:00,BBAS3.SA,20.56999969482422,20.579999923706055,20.520000457763672,20.530000686645508,118700,-0.19445312966521744,98.74939770354868
2026-07-24 12:30:00-03:00,BBAS3.SA,20.530000686645508,20.540000915527344,20.510000228881836,20.510000228881836,147100,-0.09742063855205929,98.65319540973957
2026-07-24 12:35:00-03:00,BBAS3.SA,20.520000457763672,20.530000686645508,20.510000228881836,20.520000457763672,49900,0.04875781945508084,98.70129655664412
2026-07-24 12:40:00-03:00,BBAS3.SA,20.530000686645508,20.530000686645508,20.5,20.520000457763672,132200,0.0,98.70129655664412
2026-07-24 12:45:00-03:00,BBAS3.SA,20.520000457763672,20.530000686645508,20.5,20.510000228881836,36400,-0.048734057791177676,98.65319540973957
2026-07-24 12:50:00-03:00,BBAS3.SA,20.5,20.520000457763672,20.479999542236328,20.489999771118164,91200,-0.09751563891017279,98.55699311593045
2026-07-24 12:55:00-03:00,BBAS3.SA,20.489999771118164,20.520000457763672,20.489999771118164,20.510000228881836,89400,0.09761082472954374,98.65319540973957
2026-07-24 13:00:00-03:00,BBAS3.SA,20.520000457763672,20.520000457763672,20.5,20.5,58000,-0.04875781945508084,98.60509426283501
2026-07-24 13:05:00-03:00,BBAS3.SA,20.510000228881836,20.510000228881836,20.479999542236328,20.489999771118164,158100,-0.0487816043016398,98.55699311593045
2026-07-24 13:10:00-03:00,BBAS3.SA,20.489999771118164,20.510000228881836,20.489999771118164,20.489999771118164,33600,0.0,98.55699311593045
2026-07-24 13:15:00-03:00,BBAS3.SA,20.489999771118164,20.520000457763672,20.489999771118164,20.5,64700,0.048805412364782974,98.60509426283501
2026-07-24 13:20:00-03:00,BBAS3.SA,20.5,20.520000457763672,20.5,20.5,37500,0.0,98.60509426283501
2026-07-24 13:25:00-03:00,BBAS3.SA,20.5,20.520000457763672,20.5,20.520000457763672,32800,0.0975632086032796,98.70129655664412
2026-07-24 13:30:00-03:00,BBAS3.SA,20.510000228881836,20.510000228881836,20.489999771118164,20.510000228881836,120900,-0.048734057791177676,98.65319540973957
2026-07-24 13:35:00-03:00,BBAS3.SA,20.5,20.510000228881836,20.479999542236328,20.479999542236328,74000,-0.14627345836525363,98.5088919690259
2026-07-24 13:40:00-03:00,BBAS3.SA,20.479999542236328,20.479999542236328,20.469999313354492,20.469999313354492,100700,-0.048829243678505385,98.46079082212135
2026-07-24 13:45:00-03:00,BBAS3.SA,20.469999313354492,20.479999542236328,20.450000762939453,20.450000762939453,102100,-0.0976968787780641,98.36459770266795
2026-07-24 13:50:00-03:00,BBAS3.SA,20.459999084472656,20.459999084472656,20.440000534057617,20.450000762939453,83400,0.0,98.36459770266795
2026-07-24 13:55:00-03:00,BBAS3.SA,20.450000762939453,20.469999313354492,20.440000534057617,20.459999084472656,46000,0.048891546015594756,98.4126896752168
2026-07-24 14:00:00-03:00,BBAS3.SA,20.459999084472656,20.469999313354492,20.450000762939453,20.450000762939453,41700,-0.04886765386412639,98.36459770266795
2026-07-24 14:05:00-03:00,BBAS3.SA,20.450000762939453,20.459999084472656,20.440000534057617,20.450000762939453,64400,0.0,98.36459770266795
2026-07-24 14:10:00-03:00,BBAS3.SA,20.450000762939453,20.469999313354492,20.440000534057617,20.450000762939453,98100,0.0,98.36459770266795
2026-07-24 14:15:00-03:00,BBAS3.SA,20.450000762939453,20.459999084472656,20.440000534057617,20.440000534057617,43800,-0.04890087290343459,98.3164965557634
2026-07-24 14:20:00-03:00,BBAS3.SA,20.440000534057617,20.459999084472656,20.440000534057617,20.440000534057617,47500,0.0,98.3164965557634
2026-07-24 14:25:00-03:00,BBAS3.SA,20.440000534057617,20.469999313354492,20.440000534057617,20.450000762939453,79400,0.04892479755649326,98.36459770266795
2026-07-24 14:30:00-03:00,BBAS3.SA,20.450000762939453,20.489999771118164,20.450000762939453,20.479999542236328,87500,0.14669329182246393,98.5088919690259
2026-07-24 14:35:00-03:00,BBAS3.SA,20.479999542236328,20.489999771118164,20.479999542236328,20.479999542236328,45300,0.0,98.5088919690259
2026-07-24 14:40:00-03:00,BBAS3.SA,20.479999542236328,20.489999771118164,20.459999084472656,20.459999084472656,111800,-0.09765848735702187,98.4126896752168
2026-07-24 14:45:00-03:00,BBAS3.SA,20.459999084472656,20.479999542236328,20.450000762939453,20.450000762939453,24100,-0.04886765386412639,98.36459770266795
2026-07-24 14:50:00-03:00,BBAS3.SA,20.450000762939453,20.459999084472656,20.40999984741211,20.420000076293945,114500,-0.14670261871029266,98.22029426195428
2026-07-24 14:55:00-03:00,BBAS3.SA,20.420000076293945,20.440000534057617,20.420000076293945,20.43000030517578,67400,0.048972717161954726,98.26839540885884
2026-07-24 15:00:00-03:00,BBAS3.SA,20.450000762939453,20.459999084472656,20.440000534057617,20.450000762939453,46000,0.09789749126241087,98.36459770266795
2026-07-24 15:05:00-03:00,BBAS3.SA,20.450000762939453,20.459999084472656,20.440000534057617,20.440000534057617,134300,-0.04890087290343459,98.3164965557634
2026-07-24 15:10:00-03:00,BBAS3.SA,20.440000534057617,20.450000762939453,20.440000534057617,20.440000534057617,19400,0.0,98.3164965557634
2026-07-24 15:15:00-03:00,BBAS3.SA,20.440000534057617,20.440000534057617,20.420000076293945,20.43000030517578,67000,-0.04892479755650436,98.26839540885884
2026-07-24 15:20:00-03:00,BBAS3.SA,20.43000030517578,20.440000534057617,20.420000076293945,20.43000030517578,63100,0.0,98.26839540885884
2026-07-24 15:25:00-03:00,BBAS3.SA,20.440000534057617,20.440000534057617,20.420000076293945,20.420000076293945,209700,-0.04894874563120544,98.22029426195428
2026-07-24 15:30:00-03:00,BBAS3.SA,20.420000076293945,20.440000534057617,20.420000076293945,20.440000534057617,60000,0.09794543432393166,98.3164965557634
2026-07-24 15:35:00-03:00,BBAS3.SA,20.440000534057617,20.469999313354492,20.43000030517578,20.469999313354492,57400,0.1467650612185123,98.46079082212135
2026-07-24 15:40:00-03:00,BBAS3.SA,20.459999084472656,20.469999313354492,20.459999084472656,20.469999313354492,107100,0.0,98.46079082212135
2026-07-24 15:45:00-03:00,BBAS3.SA,20.459999084472656,20.489999771118164,20.459999084472656,20.479999542236328,111800,0.04885309827691309,98.5088919690259
2026-07-24 15:50:00-03:00,BBAS3.SA,20.479999542236328,20.489999771118164,20.440000534057617,20.440000534057617,270600,-0.19530766148807555,98.3164965557634
2026-07-24 15:55:00-03:00,BBAS3.SA,20.440000534057617,20.450000762939453,20.43000030517578,20.450000762939453,83000,0.04892479755649326,98.36459770266795
2026-07-24 16:00:00-03:00,BBAS3.SA,20.440000534057617,20.479999542236328,20.43000030517578,20.479999542236328,241500,0.14669329182246393,98.5088919690259
2026-07-24 16:05:00-03:00,BBAS3.SA,20.479999542236328,20.489999771118164,20.459999084472656,20.459999084472656,64200,-0.09765848735702187,98.4126896752168
2026-07-24 16:10:00-03:00,BBAS3.SA,20.459999084472656,20.469999313354492,20.440000534057617,20.450000762939453,164300,-0.04886765386412639,98.36459770266795
2026-07-24 16:15:00-03:00,BBAS3.SA,20.440000534057617,20.450000762939453,20.43000030517578,20.440000534057617,97600,-0.04890087290343459,98.3164965557634
2026-07-24 16:20:00-03:00,BBAS3.SA,20.450000762939453,20.450000762939453,20.43000030517578,20.43000030517578,105100,-0.04892479755650436,98.26839540885884
2026-07-24 16:25:00-03:00,BBAS3.SA,20.43000030517578,20.440000534057617,20.420000076293945,20.43000030517578,81400,0.0,98.26839540885884
2026-07-24 16:30:00-03:00,BBAS3.SA,20.440000534057617,20.440000534057617,20.420000076293945,20.420000076293945,103800,-0.04894874563120544,98.22029426195428
2026-07-24 16:35:00-03:00,BBAS3.SA,20.43000030517578,20.440000534057617,20.420000076293945,20.43000030517578,179500,0.048972717161954726,98.26839540885884
2026-07-24 16:40:00-03:00,BBAS3.SA,20.43000030517578,20.479999542236328,20.420000076293945,20.469999313354492,213700,0.1957856465062191,98.46079082212135
2026-07-24 16:45:00-03:00,BBAS3.SA,20.479999542236328,20.479999542236328,20.450000762939453,20.459999084472656,296200,-0.04885309827691309,98.4126896752168
2026-07-24 16:50:00-03:00,BBAS3.SA,20.450000762939453,20.469999313354492,20.440000534057617,20.459999084472656,304000,0.0,98.4126896752168
2026-07-27 10:00:00-03:00,BBAS3.SA,20.459999084472656,20.540000915527344,20.459999084472656,20.479999542236328,0,0.09775395238824647,98.5088919690259
2026-07-27 10:05:00-03:00,BBAS3.SA,20.489999771118164,20.520000457763672,20.459999084472656,20.469999313354492,148800,-0.048829243678505385,98.46079082212135
2026-07-27 10:10:00-03:00,BBAS3.SA,20.469999313354492,20.479999542236328,20.43000030517578,20.479999542236328,108200,0.04885309827691309,98.5088919690259
2026-07-27 10:15:00-03:00,BBAS3.SA,20.479999542236328,20.520000457763672,20.459999084472656,20.520000457763672,331800,0.19531697471404375,98.70129655664412
2026-07-27 10:20:00-03:00,BBAS3.SA,20.530000686645508,20.559999465942383,20.510000228881836,20.510000228881836,254500,-0.048734057791177676,98.65319540973957
2026-07-27 10:25:00-03:00,BBAS3.SA,20.510000228881836,20.559999465942383,20.510000228881836,20.559999465942383,251000,0.24377979767225,98.89369196990666
2026-07-27 10:30:00-03:00,BBAS3.SA,20.549999237060547,20.579999923706055,20.510000228881836,20.579999923706055,153000,0.09727849359530971,98.98989426371575
2026-07-27 10:35:00-03:00,BBAS3.SA,20.579999923706055,20.6299991607666,20.579999923706055,20.6200008392334,130300,0.19436790901667944,99.18229885133397
2026-07-27 10:40:00-03:00,BBAS3.SA,20.6200008392334,20.670000076293945,20.610000610351562,20.610000610351562,130500,-0.04849771326298491,99.13419770442941
2026-07-27 10:45:00-03:00,BBAS3.SA,20.6299991607666,20.6299991607666,20.59000015258789,20.610000610351562,80300,0.0,99.13419770442941
2026-07-27 10:50:00-03:00,BBAS3.SA,20.6200008392334,20.6200008392334,20.5,20.520000457763672,140700,-0.4366819501338992,98.70129655664412
2026-07-27 10:55:00-03:00,BBAS3.SA,20.520000457763672,20.56999969482422,20.510000228881836,20.56999969482422,65100,0.24366099388477558,98.9417931168112
2026-07-27 11:00:00-03:00,BBAS3.SA,20.559999465942383,20.610000610351562,20.530000686645508,20.56999969482422,146600,0.0,98.9417931168112
2026-07-27 11:05:00-03:00,BBAS3.SA,20.559999465942383,20.59000015258789,20.530000686645508,20.56999969482422,279900,0.0,98.9417931168112
2026-07-27 11:10:00-03:00,BBAS3.SA,20.579999923706055,20.600000381469727,20.559999465942383,20.579999923706055,56600,0.048615600535728554,98.98989426371575
2026-07-27 11:15:00-03:00,BBAS3.SA,20.59000015258789,20.600000381469727,20.549999237060547,20.549999237060547,21500,-0.14577593176251513,98.8455908230021
2026-07-27 11:20:00-03:00,BBAS3.SA,20.549999237060547,20.579999923706055,20.540000915527344,20.540000915527344,35400,-0.04865363457129401,98.79749885045324
2026-07-27 11:25:00-03:00,BBAS3.SA,20.549999237060547,20.559999465942383,20.549999237060547,20.559999465942383,18600,0.09736392173147479,98.89369196990666
2026-07-27 11:30:00-03:00,BBAS3.SA,20.549999237060547,20.56999969482422,20.530000686645508,20.540000915527344,204000,-0.09726921660755394,98.79749885045324
2026-07-27 11:35:00-03:00,BBAS3.SA,20.530000686645508,20.549999237060547,20.530000686645508,20.540000915527344,35700,0.0,98.79749885045324
2026-07-27 11:40:00-03:00,BBAS3.SA,20.540000915527344,20.540000915527344,20.489999771118164,20.5,326500,-0.19474641550334404,98.60509426283501
2026-07-27 11:45:00-03:00,BBAS3.SA,20.5,20.530000686645508,20.489999771118164,20.530000686645508,92500,0.1463448129049194,98.74939770354868
2026-07-27 11:50:00-03:00,BBAS3.SA,20.530000686645508,20.530000686645508,20.489999771118164,20.510000228881836,142100,-0.09742063855205929,98.65319540973957
2026-07-27 11:55:00-03:00,BBAS3.SA,20.510000228881836,20.540000915527344,20.489999771118164,20.5,307500,-0.04875781945508084,98.60509426283501
2026-07-27 12:00:00-03:00,BBAS3.SA,20.520000457763672,20.530000686645508,20.5,20.5,91400,0.0,98.60509426283501
2026-07-27 12:05:00-03:00,BBAS3.SA,20.5,20.510000228881836,20.479999542236328,20.5,58600,0.0,98.60509426283501
2026-07-27 12:10:00-03:00,BBAS3.SA,20.489999771118164,20.489999771118164,20.459999084472656,20.459999084472656,98200,-0.1951264172065592,98.4126896752168
2026-07-27 12:15:00-03:00,BBAS3.SA,20.459999084472656,20.459999084472656,20.420000076293945,20.440000534057617,137700,-0.09774463005824963,98.3164965557634
2026-07-27 12:20:00-03:00,BBAS3.SA,20.450000762939453,20.459999084472656,20.440000534057617,20.450000762939453,84500,0.04892479755649326,98.36459770266795
2026-07-27 12:25:00-03:00,BBAS3.SA,20.440000534057617,20.459999084472656,20.440000534057617,20.440000534057617,71800,-0.04890087290343459,98.3164965557634
2026-07-27 12:30:00-03:00,BBAS3.SA,20.43000030517578,20.450000762939453,20.420000076293945,20.420000076293945,55800,-0.09784959511300872,98.22029426195428
2026-07-27 12:35:00-03:00,BBAS3.SA,20.420000076293945,20.450000762939453,20.420000076293945,20.440000534057617,73500,0.09794543432393166,98.3164965557634
2026-07-27 12:40:00-03:00,BBAS3.SA,20.440000534057617,20.469999313354492,20.43000030517578,20.459999084472656,101200,0.09784026366201903,98.4126896752168
2026-07-27 12:45:00-03:00,BBAS3.SA,20.469999313354492,20.469999313354492,20.440000534057617,20.450000762939453,76100,-0.04886765386412639,98.36459770266795
2026-07-27 12:50:00-03:00,BBAS3.SA,20.440000534057617,20.479999542236328,20.440000534057617,20.459999084472656,107500,0.048891546015594756,98.4126896752168
2026-07-27 12:55:00-03:00,BBAS3.SA,20.459999084472656,20.469999313354492,20.450000762939453,20.459999084472656,118800,0.0,98.4126896752168
2026-07-27 13:00:00-03:00,BBAS3.SA,20.459999084472656,20.479999542236328,20.450000762939453,20.459999084472656,76900,0.0,98.4126896752168
2026-07-27 13:05:00-03:00,BBAS3.SA,20.459999084472656,20.479999542236328,20.459999084472656,20.459999084472656,57800,0.0,98.4126896752168
2026-07-27 13:10:00-03:00,BBAS3.SA,20.469999313354492,20.510000228881836,20.469999313354492,20.489999771118164,189000,0.1466309285823808,98.55699311593045
2026-07-27 13:15:00-03:00,BBAS3.SA,20.489999771118164,20.5,20.469999313354492,20.469999313354492,76700,-0.09761082472955485,98.46079082212135
2026-07-27 13:20:00-03:00,BBAS3.SA,20.469999313354492,20.479999542236328,20.459999084472656,20.459999084472656,101000,-0.04885309827691309,98.4126896752168
2026-07-27 13:25:00-03:00,BBAS3.SA,20.469999313354492,20.549999237060547,20.459999084472656,20.5,136200,0.19550790477649294,98.60509426283501
2026-07-27 13:30:00-03:00,BBAS3.SA,20.5,20.549999237060547,20.5,20.540000915527344,102100,0.1951264172065592,98.79749885045324
2026-07-27 13:35:00-03:00,BBAS3.SA,20.549999237060547,20.549999237060547,20.530000686645508,20.549999237060547,68300,0.04867731785564988,98.8455908230021
2026-07-27 13:40:00-03:00,BBAS3.SA,20.540000915527344,20.540000915527344,20.520000457763672,20.540000915527344,112800,-0.04865363457129401,98.79749885045324
2026-07-27 13:45:00-03:00,BBAS3.SA,20.540000915527344,20.56999969482422,20.520000457763672,20.559999465942383,98400,0.09736392173147479,98.89369196990666
2026-07-27 13:50:00-03:00,BBAS3.SA,20.549999237060547,20.559999465942383,20.530000686645508,20.549999237060547,81000,-0.048639246797654856,98.8455908230021
2026-07-27 13:55:00-03:00,BBAS3.SA,20.540000915527344,20.540000915527344,20.510000228881836,20.530000686645508,69300,-0.09731655064479927,98.74939770354868
2026-07-27 14:00:00-03:00,BBAS3.SA,20.540000915527344,20.540000915527344,20.489999771118164,20.489999771118164,65700,-0.19484127710411858,98.55699311593045
2026-07-27 14:05:00-03:00,BBAS3.SA,20.5,20.510000228881836,20.489999771118164,20.5,81400,0.048805412364782974,98.60509426283501
2026-07-27 14:10:00-03:00,BBAS3.SA,20.510000228881836,20.540000915527344,20.489999771118164,20.530000686645508,104800,0.1463448129049194,98.74939770354868
2026-07-27 14:15:00-03:00,BBAS3.SA,20.530000686645508,20.540000915527344,20.510000228881836,20.540000915527344,65600,0.048710319276024094,98.79749885045324
2026-07-27 14:20:00-03:00,BBAS3.SA,20.520000457763672,20.559999465942383,20.520000457763672,20.540000915527344,114100,0.0,98.79749885045324
2026-07-27 14:25:00-03:00,BBAS3.SA,20.540000915527344,20.56999969482422,20.530000686645508,20.559999465942383,76000,0.09736392173147479,98.89369196990666
2026-07-27 14:30:00-03:00,BBAS3.SA,20.549999237060547,20.559999465942383,20.540000915527344,20.540000915527344,90200,-0.09726921660755394,98.79749885045324
2026-07-27 14:35:00-03:00,BBAS3.SA,20.549999237060547,20.579999923706055,20.540000915527344,20.56999969482422,95000,0.1460505256073219,98.9417931168112
2026-07-27 14:40:00-03:00,BBAS3.SA,20.579999923706055,20.579999923706055,20.549999237060547,20.549999237060547,76900,-0.09723120107145711,98.8455908230021
2026-07-27 14:45:00-03:00,BBAS3.SA,20.549999237060547,20.56999969482422,20.540000915527344,20.549999237060547,66500,0.0,98.8455908230021
2026-07-27 14:50:00-03:00,BBAS3.SA,20.549999237060547,20.56999969482422,20.540000915527344,20.56999969482422,116800,0.09732583214701052,98.9417931168112
2026-07-27 14:55:00-03:00,BBAS3.SA,20.56999969482422,20.579999923706055,20.549999237060547,20.56999969482422,103500,0.0,98.9417931168112
2026-07-27 15:00:00-03:00,BBAS3.SA,20.579999923706055,20.579999923706055,20.549999237060547,20.549999237060547,79100,-0.09723120107145711,98.8455908230021
2026-07-27 15:05:00-03:00,BBAS3.SA,20.56999969482422,20.56999969482422,20.520000457763672,20.540000915527344,135100,-0.04865363457129401,98.79749885045324
2026-07-27 15:10:00-03:00,BBAS3.SA,20.530000686645508,20.559999465942383,20.520000457763672,20.530000686645508,103100,-0.04868660387583601,98.74939770354868
2026-07-27 15:15:00-03:00,BBAS3.SA,20.540000915527344,20.549999237060547,20.520000457763672,20.540000915527344,83600,0.048710319276024094,98.79749885045324
2026-07-27 15:20:00-03:00,BBAS3.SA,20.540000915527344,20.549999237060547,20.520000457763672,20.530000686645508,66900,-0.04868660387583601,98.74939770354868
2026-07-27 15:25:00-03:00,BBAS3.SA,20.540000915527344,20.549999237060547,20.520000457763672,20.540000915527344,75700,0.048710319276024094,98.79749885045324
2026-07-27 15:30:00-03:00,BBAS3.SA,20.530000686645508,20.540000915527344,20.510000228881836,20.520000457763672,76700,-0.09737320775167202,98.70129655664412
2026-07-27 15:35:00-03:00,BBAS3.SA,20.520000457763672,20.540000915527344,20.510000228881836,20.510000228881836,113400,-0.048734057791177676,98.65319540973957
2026-07-27 15:40:00-03:00,BBAS3.SA,20.510000228881836,20.549999237060547,20.5,20.530000686645508,127200,0.09751563891016168,98.74939770354868
2026-07-27 15:45:00-03:00,BBAS3.SA,20.530000686645508,20.559999465942383,20.530000686645508,20.549999237060547,91000,0.09741134800862472,98.8455908230021
2026-07-27 15:50:00-03:00,BBAS3.SA,20.540000915527344,20.56999969482422,20.540000915527344,20.549999237060547,86000,0.0,98.8455908230021
2026-07-27 15:55:00-03:00,BBAS3.SA,20.549999237060547,20.579999923706055,20.549999237060547,20.56999969482422,95300,0.09732583214701052,98.9417931168112
2026-07-27 16:00:00-03:00,BBAS3.SA,20.56999969482422,20.579999923706055,20.559999465942383,20.559999465942383,66200,-0.048615600535728554,98.89369196990666
2026-07-27 16:05:00-03:00,BBAS3.SA,20.56999969482422,20.579999923706055,20.540000915527344,20.540000915527344,117500,-0.09726921660755394,98.79749885045324
2026-07-27 16:10:00-03:00,BBAS3.SA,20.540000915527344,20.549999237060547,20.540000915527344,20.540000915527344,58800,0.0,98.79749885045324
2026-07-27 16:15:00-03:00,BBAS3.SA,20.540000915527344,20.549999237060547,20.520000457763672,20.520000457763672,73500,-0.09737320775167202,98.70129655664412
2026-07-27 16:20:00-03:00,BBAS3.SA,20.520000457763672,20.549999237060547,20.520000457763672,20.530000686645508,87500,0.048734057791177676,98.74939770354868
2026-07-27 16:25:00-03:00,BBAS3.SA,20.530000686645508,20.540000915527344,20.510000228881836,20.530000686645508,166400,0.0,98.74939770354868
2026-07-27 16:30:00-03:00,BBAS3.SA,20.530000686645508,20.540000915527344,20.510000228881836,20.510000228881836,142800,-0.09742063855205929,98.65319540973957
2026-07-27 16:35:00-03:00,BBAS3.SA,20.520000457763672,20.540000915527344,20.510000228881836,20.540000915527344,159600,0.14627345836526473,98.79749885045324
2026-07-27 16:40:00-03:00,BBAS3.SA,20.530000686645508,20.559999465942383,20.530000686645508,20.530000686645508,175200,-0.04868660387583601,98.74939770354868
2026-07-27 16:45:00-03:00,BBAS3.SA,20.540000915527344,20.540000915527344,20.520000457763672,20.530000686645508,158000,0.0,98.74939770354868
2026-07-27 16:50:00-03:00,BBAS3.SA,20.530000686645508,20.559999465942383,20.520000457763672,20.549999237060547,156000,0.09741134800862472,98.8455908230021
2026-07-28 10:05:00-03:00,BBAS3.SA,20.93000030517578,21.010000228881836,20.8799991607666,20.93000030517578,542100,1.8491536847842216,100.67339770795236
2026-07-28 10:10:00-03:00,BBAS3.SA,20.93000030517578,20.940000534057617,20.799999237060547,20.81999969482422,483100,-0.5255643036200075,100.14429426635796
2026-07-28 10:15:00-03:00,BBAS3.SA,20.809999465942383,20.81999969482422,20.760000228881836,20.799999237060547,201200,-0.09606367942763816,100.04809197254887
2026-07-28 10:20:00-03:00,BBAS3.SA,20.790000915527344,20.850000381469727,20.780000686645508,20.809999465942383,119100,0.04807802523385529,100.09619311945342
2026-07-28 10:25:00-03:00,BBAS3.SA,20.81999969482422,20.81999969482422,20.739999771118164,20.760000228881836,179100,-0.24026544134407857,99.85569655928633
2026-07-28 10:30:00-03:00,BBAS3.SA,20.770000457763672,20.780000686645508,20.700000762939453,20.709999084472656,327400,-0.2408532941132524,99.61519082476357
2026-07-28 10:35:00-03:00,BBAS3.SA,20.709999084472656,20.739999771118164,20.65999984741211,20.670000076293945,204100,-0.19313862842562646,99.42279541150104
2026-07-28 10:40:00-03:00,BBAS3.SA,20.65999984741211,20.68000030517578,20.6200008392334,20.639999389648438,105400,-0.14514120239368378,99.27849197078739
2026-07-28 10:45:00-03:00,BBAS3.SA,20.6299991607666,20.639999389648438,20.579999923706055,20.610000610351562,208000,-0.14534292724796005,99.13419770442941
2026-07-28 10:50:00-03:00,BBAS3.SA,20.6299991607666,20.639999389648438,20.610000610351562,20.6299991607666,145100,0.0970332354332637,99.23039082388283
2026-07-28 10:55:00-03:00,BBAS3.SA,20.6200008392334,20.639999389648438,20.59000015258789,20.6200008392334,100000,-0.0484649633540335,99.18229885133397
2026-07-28 11:00:00-03:00,BBAS3.SA,20.639999389648438,20.639999389648438,20.59000015258789,20.6299991607666,114400,0.04848846326999112,99.23039082388283
2026-07-28 11:05:00-03:00,BBAS3.SA,20.6200008392334,20.68000030517578,20.6200008392334,20.670000076293945,153700,0.1938968354560977,99.42279541150104
2026-07-28 11:10:00-03:00,BBAS3.SA,20.670000076293945,20.729999542236328,20.670000076293945,20.709999084472656,122900,0.19351237557365675,99.61519082476357
2026-07-28 11:15:00-03:00,BBAS3.SA,20.709999084472656,20.729999542236328,20.690000534057617,20.709999084472656,71200,0.0,99.61519082476357
2026-07-28 11:20:00-03:00,BBAS3.SA,20.700000762939453,20.739999771118164,20.68000030517578,20.739999771118164,110900,0.14486087866609765,99.75949426547723
2026-07-28 11:25:00-03:00,BBAS3.SA,20.739999771118164,20.75,20.719999313354492,20.75,61300,0.04821711182350086,99.80759541238179
2026-07-28 11:30:00-03:00,BBAS3.SA,20.739999771118164,20.770000457763672,20.739999771118164,20.770000457763672,82100,0.09638774825866392,99.90379770619089
2026-07-28 11:35:00-03:00,BBAS3.SA,20.760000228881836,20.770000457763672,20.739999771118164,20.760000228881836,66900,-0.04814746587112895,99.85569655928633
2026-07-28 11:40:00-03:00,BBAS3.SA,20.75,20.770000457763672,20.739999771118164,20.75,43000,-0.04817065882265492,99.80759541238179
2026-07-28 11:45:00-03:00,BBAS3.SA,20.739999771118164,20.790000915527344,20.739999771118164,20.790000915527344,81600,0.19277549651732784,100.0
2026-07-28 11:50:00-03:00,BBAS3.SA,20.780000686645508,20.790000915527344,20.770000457763672,20.770000457763672,67300,-0.09620229380911116,99.90379770619089
2026-07-28 11:55:00-03:00,BBAS3.SA,20.780000686645508,20.790000915527344,20.760000228881836,20.760000228881836,39700,-0.04814746587112895,99.85569655928633
2026-07-28 12:00:00-03:00,BBAS3.SA,20.760000228881836,20.760000228881836,20.729999542236328,20.739999771118164,68800,-0.09634131764529874,99.75949426547723
2026-07-28 12:05:00-03:00,BBAS3.SA,20.739999771118164,20.75,20.719999313354492,20.75,133400,0.04821711182350086,99.80759541238179
2026-07-28 12:10:00-03:00,BBAS3.SA,20.75,20.790000915527344,20.739999771118164,20.790000915527344,112200,0.19277549651732784,100.0
2026-07-28 12:15:00-03:00,BBAS3.SA,20.780000686645508,20.790000915527344,20.75,20.75,58900,-0.19240458761821122,99.80759541238179
2026-07-28 12:20:00-03:00,BBAS3.SA,20.760000228881836,20.780000686645508,20.719999313354492,20.739999771118164,69700,-0.04819387412933196,99.75949426547723
2026-07-28 12:25:00-03:00,BBAS3.SA,20.729999542236328,20.75,20.729999542236328,20.739999771118164,38700,0.0,99.75949426547723
2026-07-28 12:30:00-03:00,BBAS3.SA,20.75,20.770000457763672,20.739999771118164,20.75,38400,0.04821711182350086,99.80759541238179
2026-07-28 12:35:00-03:00,BBAS3.SA,20.760000228881836,20.780000686645508,20.739999771118164,20.780000686645508,29500,0.14458162238799588,99.95189885309544
2026-07-28 12:40:00-03:00,BBAS3.SA,20.780000686645508,20.790000915527344,20.770000457763672,20.790000915527344,85600,0.04812429524250206,100.0
2026-07-28 12:45:00-03:00,BBAS3.SA,20.780000686645508,20.790000915527344,20.770000457763672,20.790000915527344,44800,0.0,100.0
2026-07-28 12:50:00-03:00,BBAS3.SA,20.790000915527344,20.809999465942383,20.760000228881836,20.799999237060547,88600,0.04809197254886932,100.04809197254887
2026-07-28 12:55:00-03:00,BBAS3.SA,20.809999465942383,20.809999465942383,20.780000686645508,20.780000686645508,67100,-0.09614688052203002,99.95189885309544
2026-07-28 13:00:00-03:00,BBAS3.SA,20.780000686645508,20.799999237060547,20.770000457763672,20.770000457763672,128600,-0.04812429524250206,99.90379770619089
2026-07-28 13:05:00-03:00,BBAS3.SA,20.780000686645508,20.780000686645508,20.739999771118164,20.75,28600,-0.096294931742269,99.80759541238179
2026-07-28 13:10:00-03:00,BBAS3.SA,20.739999771118164,20.780000686645508,20.739999771118164,20.760000228881836,36100,0.04819387412933196,99.85569655928633
2026-07-28 13:15:00-03:00,BBAS3.SA,20.770000457763672,20.790000915527344,20.760000228881836,20.780000686645508,64800,0.09634131764530984,99.95189885309544
2026-07-28 13:20:00-03:00,BBAS3.SA,20.780000686645508,20.780000686645508,20.739999771118164,20.739999771118164,450000,-0.19249718097001933,99.75949426547723
2026-07-28 13:25:00-03:00,BBAS3.SA,20.760000228881836,20.790000915527344,20.739999771118164,20.770000457763672,35900,0.14465133547052478,99.90379770619089
2026-07-28 13:30:00-03:00,BBAS3.SA,20.780000686645508,20.790000915527344,20.760000228881836,20.780000686645508,39200,0.04814746587114005,99.95189885309544
2026-07-28 13:35:00-03:00,BBAS3.SA,20.790000915527344,20.809999465942383,20.780000686645508,20.799999237060547,117500,0.09623941171421624,100.04809197254887
2026-07-28 13:40:00-03:00,BBAS3.SA,20.799999237060547,20.809999465942383,20.790000915527344,20.790000915527344,21300,-0.04806885528817473,100.0
2026-07-28 13:45:00-03:00,BBAS3.SA,20.790000915527344,20.799999237060547,20.760000228881836,20.770000457763672,39700,-0.09620229380911116,99.90379770619089
2026-07-28 13:50:00-03:00,BBAS3.SA,20.780000686645508,20.809999465942383,20.770000457763672,20.809999465942383,42800,0.19258068029439634,100.09619311945342
2026-07-28 13:55:00-03:00,BBAS3.SA,20.809999465942383,20.81999969482422,20.790000915527344,20.790000915527344,61000,-0.0961006772141837,100.0
2026-07-28 14:00:00-03:00,BBAS3.SA,20.799999237060547,20.81999969482422,20.790000915527344,20.809999465942383,95300,0.0961931194534138,100.09619311945342
2026-07-28 14:05:00-03:00,BBAS3.SA,20.799999237060547,20.809999465942383,20.790000915527344,20.799999237060547,49400,-0.048054921376627924,100.04809197254887
2026-07-28 14:10:00-03:00,BBAS3.SA,20.790000915527344,20.809999465942383,20.790000915527344,20.799999237060547,35600,0.0,100.04809197254887
2026-07-28 14:15:00-03:00,BBAS3.SA,20.809999465942383,20.809999465942383,20.780000686645508,20.790000915527344,37700,-0.04806885528817473,100.0
2026-07-28 14:20:00-03:00,BBAS3.SA,20.780000686645508,20.809999465942383,20.770000457763672,20.790000915527344,71400,0.0,100.0
2026-07-28 14:25:00-03:00,BBAS3.SA,20.799999237060547,20.799999237060547,20.760000228881836,20.760000228881836,100600,-0.14430344071366674,99.85569655928633
2026-07-28 14:30:00-03:00,BBAS3.SA,20.770000457763672,20.790000915527344,20.75,20.790000915527344,86100,0.14451197646794256,100.0
2026-07-28 14:35:00-03:00,BBAS3.SA,20.790000915527344,20.799999237060547,20.75,20.760000228881836,84200,-0.14430344071366674,99.85569655928633
2026-07-28 14:40:00-03:00,BBAS3.SA,20.75,20.770000457763672,20.75,20.770000457763672,42300,0.04817065882265492,99.90379770619089
2026-07-28 14:45:00-03:00,BBAS3.SA,20.770000457763672,20.780000686645508,20.75,20.770000457763672,114100,0.0,99.90379770619089
2026-07-28 14:50:00-03:00,BBAS3.SA,20.75,20.770000457763672,20.75,20.760000228881836,70500,-0.04814746587112895,99.85569655928633
2026-07-28 14:55:00-03:00,BBAS3.SA,20.760000228881836,20.760000228881836,20.75,20.760000228881836,60000,0.0,99.85569655928633
2026-07-28 15:00:00-03:00,BBAS3.SA,20.75,20.770000457763672,20.739999771118164,20.75,65800,-0.04817065882265492,99.80759541238179
2026-07-28 15:05:00-03:00,BBAS3.SA,20.75,20.770000457763672,20.75,20.760000228881836,184600,0.04819387412933196,99.85569655928633
2026-07-28 15:10:00-03:00,BBAS3.SA,20.770000457763672,20.770000457763672,20.719999313354492,20.729999542236328,100100,-0.14451197646795366,99.71139311857267
2026-07-28 15:15:00-03:00,BBAS3.SA,20.729999542236328,20.760000228881836,20.729999542236328,20.739999771118164,48500,0.04824037193760233,99.75949426547723
2026-07-28 15:20:00-03:00,BBAS3.SA,20.760000228881836,20.760000228881836,20.739999771118164,20.739999771118164,33900,0.0,99.75949426547723
2026-07-28 15:25:00-03:00,BBAS3.SA,20.75,20.770000457763672,20.719999313354492,20.729999542236328,83300,-0.04821711182351196,99.71139311857267
2026-07-28 15:30:00-03:00,BBAS3.SA,20.719999313354492,20.760000228881836,20.719999313354492,20.75,100400,0.09648074387518246,99.80759541238179
2026-07-28 15:35:00-03:00,BBAS3.SA,20.75,20.760000228881836,20.729999542236328,20.760000228881836,69000,0.04819387412933196,99.85569655928633
2026-07-28 15:40:00-03:00,BBAS3.SA,20.739999771118164,20.75,20.739999771118164,20.739999771118164,26700,-0.09634131764529874,99.75949426547723
2026-07-28 15:45:00-03:00,BBAS3.SA,20.729999542236328,20.75,20.729999542236328,20.75,40700,0.04821711182350086,99.80759541238179
2026-07-28 15:50:00-03:00,BBAS3.SA,20.739999771118164,20.760000228881836,20.729999542236328,20.739999771118164,58600,-0.04819387412933196,99.75949426547723
2026-07-28 15:55:00-03:00,BBAS3.SA,20.729999542236328,20.760000228881836,20.729999542236328,20.739999771118164,49300,0.0,99.75949426547723
2026-07-28 16:00:00-03:00,BBAS3.SA,20.75,20.760000228881836,20.739999771118164,20.760000228881836,42300,0.09643422364702392,99.85569655928633
2026-07-28 16:05:00-03:00,BBAS3.SA,20.760000228881836,20.770000457763672,20.739999771118164,20.739999771118164,45300,-0.09634131764529874,99.75949426547723
2026-07-28 16:10:00-03:00,BBAS3.SA,20.739999771118164,20.770000457763672,20.729999542236328,20.729999542236328,136500,-0.04821711182351196,99.71139311857267
2026-07-28 16:15:00-03:00,BBAS3.SA,20.739999771118164,20.760000228881836,20.729999542236328,20.75,87000,0.09648074387518246,99.80759541238179
2026-07-28 16:20:00-03:00,BBAS3.SA,20.760000228881836,20.780000686645508,20.75,20.760000228881836,111800,0.04819387412933196,99.85569655928633
2026-07-28 16:25:00-03:00,BBAS3.SA,20.760000228881836,20.770000457763672,20.739999771118164,20.760000228881836,43100,0.0,99.85569655928633
2026-07-28 16:30:00-03:00,BBAS3.SA,20.739999771118164,20.780000686645508,20.739999771118164,20.770000457763672,89300,0.04817065882265492,99.90379770619089
2026-07-28 16:35:00-03:00,BBAS3.SA,20.780000686645508,20.780000686645508,20.5,20.5,41500,-1.2999540289501899,98.60509426283501
2026-07-28 16:40:00-03:00,BBAS3.SA,20.75,20.760000228881836,20.729999542236328,20.760000228881836,352600,1.268293799423592,99.85569655928633
2026-07-28 16:45:00-03:00,BBAS3.SA,20.760000228881836,20.780000686645508,20.75,20.75,1317000,-0.04817065882265492,99.80759541238179
2026-07-28 16:50:00-03:00,BBAS3.SA,20.770000457763672,20.780000686645508,20.739999771118164,20.760000228881836,404900,0.04819387412933196,99.85569655928633
2026-07-29 10:00:00-03:00,BBAS3.SA,20.75,20.81999969482422,20.75,20.760000228881836,0,0.0,99.85569655928633
2026-07-29 10:05:00-03:00,BBAS3.SA,20.760000228881836,20.790000915527344,20.579999923706055,20.59000015258789,230700,-0.8188828247575719,99.03799541062031
2026-07-29 10:10:00-03:00,BBAS3.SA,20.59000015258789,20.59000015258789,20.459999084472656,20.549999237060547,821800,-0.1942735076780222,98.8455908230021
2026-07-29 10:15:00-03:00,BBAS3.SA,20.549999237060547,20.56999969482422,20.520000457763672,20.56999969482422,157400,0.09732583214701052,98.9417931168112
2026-07-29 10:20:00-03:00,BBAS3.SA,20.56999969482422,20.6200008392334,20.559999465942383,20.600000381469727,90600,0.14584680160718566,99.08609655752485
2026-07-29 10:25:00-03:00,BBAS3.SA,20.600000381469727,20.65999984741211,20.59000015258789,20.6200008392334,87900,0.09708959899661362,99.18229885133397
2026-07-29 10:30:00-03:00,BBAS3.SA,20.6299991607666,20.75,20.6299991607666,20.700000762939453,119000,0.3879724561108633,99.56709885221471
2026-07-29 10:35:00-03:00,BBAS3.SA,20.690000534057617,20.75,20.65999984741211,20.75,84500,0.24154219911944885,99.80759541238179
2026-07-29 10:40:00-03:00,BBAS3.SA,20.729999542236328,20.739999771118164,20.549999237060547,20.739999771118164,0,-0.04819387412933196,99.75949426547723
2026-07-29 10:45:00-03:00,BBAS3.SA,20.729999542236328,20.75,20.709999084472656,20.729999542236328,37000,-0.04821711182351196,99.71139311857267
2026-07-29 10:50:00-03:00,BBAS3.SA,20.729999542236328,20.739999771118164,20.700000762939453,20.709999084472656,46300,-0.09648074387518246,99.61519082476357
2026-07-29 10:55:00-03:00,BBAS3.SA,20.709999084472656,20.739999771118164,20.670000076293945,20.739999771118164,138800,0.14486087866609765,99.75949426547723
2026-07-29 11:00:00-03:00,BBAS3.SA,20.739999771118164,20.799999237060547,20.739999771118164,20.770000457763672,249700,0.14465133547052478,99.90379770619089
2026-07-29 11:05:00-03:00,BBAS3.SA,20.770000457763672,20.799999237060547,20.760000228881836,20.780000686645508,106100,0.04814746587114005,99.95189885309544
2026-07-29 11:10:00-03:00,BBAS3.SA,20.790000915527344,20.799999237060547,20.719999313354492,20.729999542236328,145700,-0.2406214762125325,99.71139311857267
2026-07-29 11:15:00-03:00,BBAS3.SA,20.729999542236328,20.739999771118164,20.700000762939453,20.709999084472656,53500,-0.09648074387518246,99.61519082476357
2026-07-29 11:20:00-03:00,BBAS3.SA,20.709999084472656,20.719999313354492,20.690000534057617,20.700000762939453,91500,-0.04827774975952881,99.56709885221471
2026-07-29 11:25:00-03:00,BBAS3.SA,20.709999084472656,20.75,20.709999084472656,20.739999771118164,132000,0.19323191644671223,99.75949426547723
2026-07-29 11:30:00-03:00,BBAS3.SA,20.739999771118164,20.75,20.709999084472656,20.75,118900,0.04821711182350086,99.80759541238179
2026-07-29 11:35:00-03:00,BBAS3.SA,20.739999771118164,20.75,20.729999542236328,20.739999771118164,67600,-0.04819387412933196,99.75949426547723
2026-07-29 11:40:00-03:00,BBAS3.SA,20.739999771118164,20.739999771118164,20.690000534057617,20.690000534057617,78800,-0.2410763626438106,99.51899770531016
2026-07-29 11:45:00-03:00,BBAS3.SA,20.700000762939453,20.799999237060547,20.690000534057617,20.790000915527344,118400,0.4833271091758462,100.0
2026-07-29 11:50:00-03:00,BBAS3.SA,20.790000915527344,20.81999969482422,20.780000686645508,20.81999969482422,160500,0.14429426635795828,100.14429426635796
2026-07-29 11:55:00-03:00,BBAS3.SA,20.81999969482422,20.84000015258789,20.790000915527344,20.829999923706055,287800,0.04803183971382463,100.19239541326253
2026-07-29 12:00:00-03:00,BBAS3.SA,20.829999923706055,20.860000610351562,20.809999465942383,20.829999923706055,464300,0.0,100.19239541326253
2026-07-29 12:05:00-03:00,BBAS3.SA,20.829999923706055,20.8799991607666,20.81999969482422,20.8799991607666,222900,0.24003474432874317,100.43289197342959
2026-07-29 12:10:00-03:00,BBAS3.SA,20.8799991607666,20.889999389648438,20.8700008392334,20.889999389648438,59300,0.04789381840888396,100.48099312033416
2026-07-29 12:15:00-03:00,BBAS3.SA,20.8799991607666,20.8799991607666,20.84000015258789,20.84000015258789,96900,-0.23934532561701305,100.24049656016707
2026-07-29 12:20:00-03:00,BBAS3.SA,20.84000015258789,20.860000610351562,20.81999969482422,20.84000015258789,53200,0.0,100.24049656016707
2026-07-29 12:25:00-03:00,BBAS3.SA,20.84000015258789,20.850000381469727,20.829999923706055,20.850000381469727,63400,0.04798574284363699,100.28859770707163
2026-07-29 12:30:00-03:00,BBAS3.SA,20.850000381469727,20.850000381469727,20.829999923706055,20.850000381469727,34900,0.0,100.28859770707163
2026-07-29 12:35:00-03:00,BBAS3.SA,20.850000381469727,20.850000381469727,20.809999465942383,20.829999923706055,166600,-0.09592545514506279,100.19239541326253
2026-07-29 12:40:00-03:00,BBAS3.SA,20.829999923706055,20.829999923706055,20.81999969482422,20.81999969482422,415900,-0.04800878021345989,100.14429426635796
2026-07-29 12:45:00-03:00,BBAS3.SA,20.81999969482422,20.81999969482422,20.770000457763672,20.790000915527344,126500,-0.144086358004758,100.0
2026-07-29 12:50:00-03:00,BBAS3.SA,20.780000686645508,20.799999237060547,20.780000686645508,20.799999237060547,49400,0.04809197254886932,100.04809197254887
2026-07-29 12:55:00-03:00,BBAS3.SA,20.799999237060547,20.799999237060547,20.760000228881836,20.770000457763672,88700,-0.1442249057558853,99.90379770619089
2026-07-29 13:00:00-03:00,BBAS3.SA,20.770000457763672,20.780000686645508,20.739999771118164,20.75,85600,-0.096294931742269,99.80759541238179
2026-07-29 13:05:00-03:00,BBAS3.SA,20.75,20.760000228881836,20.739999771118164,20.760000228881836,69100,0.04819387412933196,99.85569655928633
2026-07-29 13:10:00-03:00,BBAS3.SA,20.760000228881836,20.760000228881836,20.739999771118164,20.760000228881836,59800,0.0,99.85569655928633
2026-07-29 13:15:00-03:00,BBAS3.SA,20.760000228881836,20.760000228881836,20.739999771118164,20.760000228881836,54300,0.0,99.85569655928633
2026-07-29 13:20:00-03:00,BBAS3.SA,20.760000228881836,20.790000915527344,20.75,20.770000457763672,79300,0.04817065882265492,99.90379770619089
2026-07-29 13:25:00-03:00,BBAS3.SA,20.780000686645508,20.790000915527344,20.770000457763672,20.780000686645508,42500,0.04814746587114005,99.95189885309544
2026-07-29 13:30:00-03:00,BBAS3.SA,20.780000686645508,20.790000915527344,20.770000457763672,20.790000915527344,59300,0.04812429524250206,100.0
2026-07-29 13:35:00-03:00,BBAS3.SA,20.790000915527344,20.790000915527344,20.760000228881836,20.780000686645508,61900,-0.04810114690455558,99.95189885309544
2026-07-29 13:40:00-03:00,BBAS3.SA,20.780000686645508,20.780000686645508,20.760000228881836,20.780000686645508,69700,0.0,99.95189885309544
2026-07-29 13:45:00-03:00,BBAS3.SA,20.780000686645508,20.790000915527344,20.75,20.760000228881836,99200,-0.09624859048501522,99.85569655928633
2026-07-29 13:50:00-03:00,BBAS3.SA,20.75,20.770000457763672,20.729999542236328,20.770000457763672,100200,0.04817065882265492,99.90379770619089
2026-07-29 13:55:00-03:00,BBAS3.SA,20.770000457763672,20.780000686645508,20.739999771118164,20.75,74000,-0.096294931742269,99.80759541238179
2026-07-29 14:00:00-03:00,BBAS3.SA,20.739999771118164,20.760000228881836,20.739999771118164,20.760000228881836,51800,0.04819387412933196,99.85569655928633
2026-07-29 14:05:00-03:00,BBAS3.SA,20.760000228881836,20.760000228881836,20.729999542236328,20.739999771118164,81800,-0.09634131764529874,99.75949426547723
2026-07-29 14:10:00-03:00,BBAS3.SA,20.739999771118164,20.780000686645508,20.739999771118164,20.780000686645508,83300,0.19286844729404784,99.95189885309544
2026-07-29 14:15:00-03:00,BBAS3.SA,20.780000686645508,20.780000686645508,20.739999771118164,20.75,71800,-0.14437288572751728,99.80759541238179
2026-07-29 14:20:00-03:00,BBAS3.SA,20.75,20.760000228881836,20.75,20.760000228881836,30700,0.04819387412933196,99.85569655928633
2026-07-29 14:25:00-03:00,BBAS3.SA,20.75,20.809999465942383,20.739999771118164,20.809999465942383,222200,0.24084410649951593,100.09619311945342
2026-07-29 14:30:00-03:00,BBAS3.SA,20.799999237060547,20.799999237060547,20.760000228881836,20.780000686645508,114400,-0.14415559859081162,99.95189885309544
2026-07-29 14:35:00-03:00,BBAS3.SA,20.780000686645508,20.799999237060547,20.770000457763672,20.799999237060547,59100,0.09623941171421624,100.04809197254887
2026-07-29 14:40:00-03:00,BBAS3.SA,20.799999237060547,20.81999969482422,20.790000915527344,20.799999237060547,117200,0.0,100.04809197254887
2026-07-29 14:45:00-03:00,BBAS3.SA,20.799999237060547,20.799999237060547,20.790000915527344,20.790000915527344,65700,-0.04806885528817473,100.0
2026-07-29 14:50:00-03:00,BBAS3.SA,20.790000915527344,20.81999969482422,20.790000915527344,20.81999969482422,78200,0.14429426635795828,100.14429426635796
2026-07-29 14:55:00-03:00,BBAS3.SA,20.81999969482422,20.829999923706055,20.809999465942383,20.81999969482422,173900,0.0,100.14429426635796
2026-07-29 15:00:00-03:00,BBAS3.SA,20.81999969482422,20.899999618530273,20.81999969482422,20.8799991607666,570100,0.2881818771462319,100.43289197342959
2026-07-29 15:05:00-03:00,BBAS3.SA,20.8799991607666,20.940000534057617,20.8799991607666,20.920000076293945,311200,0.19157527363558025,100.62529656104782
2026-07-29 15:10:00-03:00,BBAS3.SA,20.93000030517578,20.950000762939453,20.920000076293945,20.920000076293945,171200,0.0,100.62529656104782
2026-07-29 15:15:00-03:00,BBAS3.SA,20.93000030517578,20.940000534057617,20.899999618530273,20.920000076293945,82500,0.0,100.62529656104782
2026-07-29 15:20:00-03:00,BBAS3.SA,20.920000076293945,20.920000076293945,20.889999389648438,20.899999618530273,168200,-0.09560448226927365,100.5290942672387
2026-07-29 15:25:00-03:00,BBAS3.SA,20.899999618530273,20.920000076293945,20.8700008392334,20.920000076293945,125600,0.09569597190777213,100.62529656104782
2026-07-29 15:30:00-03:00,BBAS3.SA,20.920000076293945,20.940000534057617,20.84000015258789,20.899999618530273,348700,-0.09560448226927365,100.5290942672387
2026-07-29 15:35:00-03:00,BBAS3.SA,20.899999618530273,20.979999542236328,20.889999389648438,20.969999313354492,185400,0.3349267756070029,100.86579312121489
2026-07-29 15:40:00-03:00,BBAS3.SA,20.959999084472656,21.0,20.93000030517578,20.969999313354492,331700,0.0,100.86579312121489
2026-07-29 15:45:00-03:00,BBAS3.SA,20.979999542236328,21.020000457763672,20.940000534057617,21.020000457763672,360300,0.2384413259247875,101.10629885573765
2026-07-29 15:50:00-03:00,BBAS3.SA,21.020000457763672,21.030000686645508,20.969999313354492,21.020000457763672,240300,0.0,101.10629885573765
2026-07-29 15:55:00-03:00,BBAS3.SA,21.030000686645508,21.040000915527344,21.0,21.030000686645508,224400,0.047574827136331876,101.15440000264222
2026-07-29 16:00:00-03:00,BBAS3.SA,21.040000915527344,21.059999465942383,20.979999542236328,20.989999771118164,252100,-0.1902088170294025,100.96199541502399
2026-07-29 16:05:00-03:00,BBAS3.SA,21.0,21.010000228881836,20.90999984741211,20.90999984741211,321200,-0.3811335139514038,100.57719541414325
2026-07-29 16:10:00-03:00,BBAS3.SA,20.899999618530273,20.940000534057617,20.899999618530273,20.93000030517578,159700,0.09565020521100642,100.67339770795236
2026-07-29 16:15:00-03:00,BBAS3.SA,20.920000076293945,20.959999084472656,20.920000076293945,20.950000762939453,184300,0.0955588030198351,100.76960000176148
2026-07-29 16:20:00-03:00,BBAS3.SA,20.950000762939453,20.950000762939453,20.8799991607666,20.899999618530273,171600,-0.23866893836888003,100.5290942672387
2026-07-29 16:25:00-03:00,BBAS3.SA,20.889999389648438,20.899999618530273,20.8700008392334,20.8799991607666,111400,-0.09569597190776102,100.43289197342959
2026-07-29 16:30:00-03:00,BBAS3.SA,20.8799991607666,20.920000076293945,20.860000610351562,20.860000610351562,245700,-0.09577850200596094,100.33669885397617
2026-07-29 16:35:00-03:00,BBAS3.SA,20.8700008392334,20.920000076293945,20.8700008392334,20.8799991607666,323700,0.09587032516726879,100.43289197342959
2026-07-29 16:40:00-03:00,BBAS3.SA,20.8799991607666,20.899999618530273,20.8700008392334,20.8799991607666,171700,0.0,100.43289197342959
2026-07-29 16:45:00-03:00,BBAS3.SA,20.8799991607666,20.889999389648438,20.829999923706055,20.829999923706055,323900,-0.23945995723263502,100.19239541326253
2026-07-29 16:50:00-03:00,BBAS3.SA,20.829999923706055,20.860000610351562,20.81999969482422,20.860000610351562,292100,0.14402634064039077,100.33669885397617
2026-07-30 10:00:00-03:00,BBAS3.SA,20.90999984741211,20.93000030517578,20.8700008392334,20.899999618530273,32300,0.1917497939039503,100.5290942672387
2026-07-30 10:05:00-03:00,BBAS3.SA,20.889999389648438,20.979999542236328,20.8799991607666,20.90999984741211,153800,0.04784798595387496,100.57719541414325
2026-07-30 10:10:00-03:00,BBAS3.SA,20.90999984741211,20.93000030517578,20.829999923706055,20.84000015258789,117600,-0.3347665965329094,100.24049656016707
2026-07-30 10:15:00-03:00,BBAS3.SA,20.84000015258789,20.8799991607666,20.81999969482422,20.8700008392334,86500,0.14395722853093318,100.38480000088074
2026-07-30 10:20:00-03:00,BBAS3.SA,20.8799991607666,20.93000030517578,20.829999923706055,20.93000030517578,151800,0.2874914400079476,100.67339770795236
2026-07-30 10:25:00-03:00,BBAS3.SA,20.90999984741211,20.93000030517578,20.860000610351562,20.8799991607666,174900,-0.23889700754956555,100.43289197342959
2026-07-30 10:30:00-03:00,BBAS3.SA,20.8799991607666,20.920000076293945,20.850000381469727,20.889999389648438,116500,0.04789381840888396,100.48099312033416
2026-07-30 10:35:00-03:00,BBAS3.SA,20.889999389648438,20.889999389648438,20.84000015258789,20.860000610351562,96300,-0.14360354319464808,100.33669885397617
2026-07-30 10:40:00-03:00,BBAS3.SA,20.8700008392334,20.8700008392334,20.780000686645508,20.81999969482422,166900,-0.19175893747335193,100.14429426635796
2026-07-30 10:45:00-03:00,BBAS3.SA,20.81999969482422,20.860000610351562,20.809999465942383,20.850000381469727,181600,0.1440955191414517,100.28859770707163
2026-07-30 10:50:00-03:00,BBAS3.SA,20.850000381469727,20.850000381469727,20.790000915527344,20.829999923706055,140500,-0.09592545514506279,100.19239541326253
2026-07-30 10:55:00-03:00,BBAS3.SA,20.829999923706055,20.860000610351562,20.81999969482422,20.850000381469727,88900,0.09601756042691978,100.28859770707163
2026-07-30 11:00:00-03:00,BBAS3.SA,20.850000381469727,20.860000610351562,20.829999923706055,20.850000381469727,62200,0.0,100.28859770707163
2026-07-30 11:05:00-03:00,BBAS3.SA,20.850000381469727,20.860000610351562,20.809999465942383,20.829999923706055,241800,-0.09592545514506279,100.19239541326253
2026-07-30 11:10:00-03:00,BBAS3.SA,20.829999923706055,20.850000381469727,20.809999465942383,20.809999465942383,60500,-0.09601756042691978,100.09619311945342
2026-07-30 11:15:00-03:00,BBAS3.SA,20.81999969482422,20.829999923706055,20.780000686645508,20.829999923706055,126900,0.09610984275325585,100.19239541326253
2026-07-30 11:20:00-03:00,BBAS3.SA,20.829999923706055,20.8799991607666,20.829999923706055,20.860000610351562,164100,0.14402634064039077,100.33669885397617
2026-07-30 11:25:00-03:00,BBAS3.SA,20.850000381469727,20.8700008392334,20.829999923706055,20.850000381469727,114700,-0.04793973436834076,100.28859770707163
2026-07-30 11:30:00-03:00,BBAS3.SA,20.860000610351562,20.8799991607666,20.84000015258789,20.84000015258789,86400,-0.04796272757252584,100.24049656016707
2026-07-30 11:35:00-03:00,BBAS3.SA,20.84000015258789,20.93000030517578,20.84000015258789,20.93000030517578,486800,0.431862533248184,100.67339770795236
2026-07-30 11:40:00-03:00,BBAS3.SA,20.920000076293945,20.969999313354492,20.8799991607666,20.950000762939453,322400,0.0955588030198351,100.76960000176148
2026-07-30 11:45:00-03:00,BBAS3.SA,20.950000762939453,20.989999771118164,20.950000762939453,20.969999313354492,109500,0.09545847105847383,100.86579312121489
2026-07-24 10:00:00-03:00,BBDC4.SA,18.6200008392334,18.6200008392334,18.549999237060547,18.579999923706055,0,,100.0
2026-07-24 10:05:00-03:00,BBDC4.SA,18.59000015258789,18.639999389648438,18.59000015258789,18.6200008392334,52800,0.2152901813325947,100.21529018133259
2026-07-24 10:10:00-03:00,BBDC4.SA,18.610000610351562,18.639999389648438,18.559999465942383,18.639999389648438,170300,0.10740359566956403,100.32292500639804
2026-07-24 10:15:00-03:00,BBDC4.SA,18.6200008392334,18.6200008392334,18.559999465942383,18.600000381469727,86600,-0.21458696077492068,100.1076450906663
2026-07-24 10:20:00-03:00,BBDC4.SA,18.59000015258789,18.610000610351562,18.579999923706055,18.59000015258789,67100,-0.053764670305056494,100.05382254533315
2026-07-24 10:25:00-03:00,BBDC4.SA,18.59000015258789,18.59000015258789,18.559999465942383,18.56999969482422,67300,-0.10758718450514237,99.94617745466685
2026-07-24 10:30:00-03:00,BBDC4.SA,18.579999923706055,18.639999389648438,18.540000915527344,18.559999465942383,309900,-0.05385152959708206,99.8923549093337
2026-07-24 10:35:00-03:00,BBDC4.SA,18.56999969482422,18.579999923706055,18.549999237060547,18.549999237060547,127400,-0.053880545094764365,99.83853236400056
2026-07-24 10:40:00-03:00,BBDC4.SA,18.549999237060547,18.610000610351562,18.549999237060547,18.559999465942383,89300,0.05390959187672184,99.8923549093337
2026-07-24 10:45:00-03:00,BBDC4.SA,18.559999465942383,18.610000610351562,18.559999465942383,18.579999923706055,94300,0.10776109018952873,100.0
2026-07-24 10:50:00-03:00,BBDC4.SA,18.579999923706055,18.610000610351562,18.559999465942383,18.600000381469727,136000,0.10764509066629735,100.1076450906663
2026-07-24 10:55:00-03:00,BBDC4.SA,18.600000381469727,18.6200008392334,18.579999923706055,18.610000610351562,79300,0.05376467030504539,100.16146763599944
2026-07-24 11:00:00-03:00,BBDC4.SA,18.600000381469727,18.639999389648438,18.600000381469727,18.610000610351562,77200,0.0,100.16146763599944
2026-07-24 11:05:00-03:00,BBDC4.SA,18.6299991607666,18.6299991607666,18.600000381469727,18.6200008392334,43500,0.05373577944041141,100.21529018133259
2026-07-24 11:10:00-03:00,BBDC4.SA,18.6200008392334,18.6200008392334,18.579999923706055,18.579999923706055,316200,-0.21482767843414852,100.0
2026-07-24 11:15:00-03:00,BBDC4.SA,18.579999923706055,18.600000381469727,18.559999465942383,18.56999969482422,95600,-0.053822545333148675,99.94617745466685
2026-07-24 11:20:00-03:00,BBDC4.SA,18.56999969482422,18.639999389648438,18.559999465942383,18.6200008392334,175300,0.2692576479853992,100.21529018133259
2026-07-24 11:25:00-03:00,BBDC4.SA,18.6299991607666,18.6299991607666,18.600000381469727,18.600000381469727,26900,-0.10741383921707426,100.1076450906663
2026-07-24 11:30:00-03:00,BBDC4.SA,18.6200008392334,18.6299991607666,18.559999465942383,18.559999465942383,131300,-0.21505868122021488,99.8923549093337
2026-07-24 11:35:00-03:00,BBDC4.SA,18.559999465942383,18.579999923706055,18.540000915527344,18.540000915527344,964800,-0.10775081352635274,99.78472008426826
2026-07-24 11:40:00-03:00,BBDC4.SA,18.549999237060547,18.579999923706055,18.549999237060547,18.549999237060547,788100,0.05392837669619954,99.83853236400056
2026-07-24 11:45:00-03:00,BBDC4.SA,18.549999237060547,18.59000015258789,18.549999237060547,18.59000015258789,104300,0.21563836750693177,100.05382254533315
2026-07-24 11:50:00-03:00,BBDC4.SA,18.59000015258789,18.59000015258789,18.559999465942383,18.559999465942383,70900,-0.16138077675772466,99.8923549093337
2026-07-24 11:55:00-03:00,BBDC4.SA,18.559999465942383,18.600000381469727,18.559999465942383,18.600000381469727,106300,0.21552218037907966,100.1076450906663
2026-07-24 12:00:00-03:00,BBDC4.SA,18.59000015258789,18.600000381469727,18.540000915527344,18.540000915527344,159800,-0.32257776726799525,99.78472008426826
2026-07-24 12:05:00-03:00,BBDC4.SA,18.540000915527344,18.549999237060547,18.5,18.520000457763672,202900,-0.10787732888902779,99.67707499360196
2026-07-24 12:10:00-03:00,BBDC4.SA,18.520000457763672,18.59000015258789,18.510000228881836,18.56999969482422,146500,0.2699742755113643,99.94617745466685
2026-07-24 12:15:00-03:00,BBDC4.SA,18.579999923706055,18.600000381469727,18.56999969482422,18.59000015258789,77600,0.10770305919416412,100.05382254533315
2026-07-24 12:20:00-03:00,BBDC4.SA,18.59000015258789,18.600000381469727,18.56999969482422,18.56999969482422,155300,-0.10758718450514237,99.94617745466685
2026-07-24 12:25:00-03:00,BBDC4.SA,18.579999923706055,18.59000015258789,18.549999237060547,18.559999465942383,54800,-0.05385152959708206,99.8923549093337
2026-07-24 12:30:00-03:00,BBDC4.SA,18.56999969482422,18.56999969482422,18.549999237060547,18.549999237060547,48300,-0.053880545094764365,99.83853236400056
2026-07-24 12:35:00-03:00,BBDC4.SA,18.549999237060547,18.59000015258789,18.549999237060547,18.56999969482422,115000,0.10781918375346589,99.94617745466685
2026-07-24 12:40:00-03:00,BBDC4.SA,18.56999969482422,18.579999923706055,18.549999237060547,18.559999465942383,74200,-0.05385152959708206,99.8923549093337
2026-07-24 12:45:00-03:00,BBDC4.SA,18.56999969482422,18.579999923706055,18.559999465942383,18.559999465942383,50500,0.0,99.8923549093337
2026-07-24 12:50:00-03:00,BBDC4.SA,18.559999465942383,18.56999969482422,18.549999237060547,18.559999465942383,43700,0.0,99.8923549093337
2026-07-24 12:55:00-03:00,BBDC4.SA,18.559999465942383,18.56999969482422,18.549999237060547,18.559999465942383,54900,0.0,99.8923549093337
2026-07-24 13:00:00-03:00,BBDC4.SA,18.56999969482422,18.579999923706055,18.559999465942383,18.56999969482422,38300,0.053880545094764365,99.94617745466685
2026-07-24 13:05:00-03:00,BBDC4.SA,18.559999465942383,18.56999969482422,18.549999237060547,18.559999465942383,31700,-0.05385152959708206,99.8923549093337
2026-07-24 13:10:00-03:00,BBDC4.SA,18.559999465942383,18.56999969482422,18.549999237060547,18.56999969482422,40100,0.053880545094764365,99.94617745466685
2026-07-24 13:15:00-03:00,BBDC4.SA,18.559999465942383,18.579999923706055,18.549999237060547,18.559999465942383,77100,-0.05385152959708206,99.8923549093337
2026-07-24 13:20:00-03:00,BBDC4.SA,18.56999969482422,18.579999923706055,18.559999465942383,18.559999465942383,104200,0.0,99.8923549093337
2026-07-24 13:25:00-03:00,BBDC4.SA,18.56999969482422,18.579999923706055,18.559999465942383,18.56999969482422,61100,0.053880545094764365,99.94617745466685
2026-07-24 13:30:00-03:00,BBDC4.SA,18.559999465942383,18.56999969482422,18.540000915527344,18.56999969482422,247600,0.0,99.94617745466685
2026-07-24 13:35:00-03:00,BBDC4.SA,18.559999465942383,18.559999465942383,18.520000457763672,18.540000915527344,189700,-0.1615443176621878,99.78472008426826
2026-07-24 13:40:00-03:00,BBDC4.SA,18.530000686645508,18.530000686645508,18.520000457763672,18.520000457763672,36600,-0.10787732888902779,99.67707499360196
2026-07-24 13:45:00-03:00,BBDC4.SA,18.530000686645508,18.530000686645508,18.5,18.510000228881836,98100,-0.05399691487396607,99.62325244826881
2026-07-24 13:50:00-03:00,BBDC4.SA,18.5,18.520000457763672,18.5,18.520000457763672,102200,0.05402608729432323,99.67707499360196
2026-07-24 13:55:00-03:00,BBDC4.SA,18.510000228881836,18.520000457763672,18.510000228881836,18.520000457763672,46400,0.0,99.67707499360196
2026-07-24 14:00:00-03:00,BBDC4.SA,18.510000228881836,18.530000686645508,18.510000228881836,18.520000457763672,76700,0.0,99.67707499360196
2026-07-24 14:05:00-03:00,BBDC4.SA,18.530000686645508,18.530000686645508,18.510000228881836,18.520000457763672,65800,0.0,99.67707499360196
2026-07-24 14:10:00-03:00,BBDC4.SA,18.510000228881836,18.520000457763672,18.510000228881836,18.520000457763672,17700,0.0,99.67707499360196
2026-07-24 14:15:00-03:00,BBDC4.SA,18.510000228881836,18.530000686645508,18.5,18.520000457763672,84600,0.0,99.67707499360196
2026-07-24 14:20:00-03:00,BBDC4.SA,18.530000686645508,18.530000686645508,18.510000228881836,18.520000457763672,39800,0.0,99.67707499360196
2026-07-24 14:25:00-03:00,BBDC4.SA,18.520000457763672,18.530000686645508,18.510000228881836,18.530000686645508,44300,0.05399691487395497,99.73089753893511
2026-07-24 14:30:00-03:00,BBDC4.SA,18.530000686645508,18.549999237060547,18.510000228881836,18.530000686645508,141200,0.0,99.73089753893511
2026-07-24 14:35:00-03:00,BBDC4.SA,18.540000915527344,18.540000915527344,18.510000228881836,18.530000686645508,91800,0.0,99.73089753893511
2026-07-24 14:40:00-03:00,BBDC4.SA,18.540000915527344,18.540000915527344,18.520000457763672,18.530000686645508,44300,0.0,99.73089753893511
2026-07-24 14:45:00-03:00,BBDC4.SA,18.530000686645508,18.540000915527344,18.530000686645508,18.540000915527344,20200,0.053967773940999386,99.78472008426826
2026-07-24 14:50:00-03:00,BBDC4.SA,18.530000686645508,18.540000915527344,18.510000228881836,18.540000915527344,327500,0.0,99.78472008426826
2026-07-24 14:55:00-03:00,BBDC4.SA,18.530000686645508,18.540000915527344,18.520000457763672,18.530000686645508,124200,-0.053938664444508344,99.73089753893511
2026-07-24 15:00:00-03:00,BBDC4.SA,18.520000457763672,18.540000915527344,18.520000457763672,18.540000915527344,59800,0.053967773940999386,99.78472008426826
2026-07-24 15:05:00-03:00,BBDC4.SA,18.530000686645508,18.540000915527344,18.530000686645508,18.530000686645508,79100,-0.053938664444508344,99.73089753893511
2026-07-24 15:10:00-03:00,BBDC4.SA,18.530000686645508,18.540000915527344,18.530000686645508,18.530000686645508,45100,0.0,99.73089753893511
2026-07-24 15:15:00-03:00,BBDC4.SA,18.530000686645508,18.540000915527344,18.510000228881836,18.520000457763672,124200,-0.05396777394101049,99.67707499360196
2026-07-24 15:20:00-03:00,BBDC4.SA,18.510000228881836,18.510000228881836,18.5,18.5,60500,-0.10799382974792104,99.56942990293567
2026-07-24 15:25:00-03:00,BBDC4.SA,18.510000228881836,18.510000228881836,18.479999542236328,18.489999771118164,99100,-0.05405529125316333,99.5156073576025
2026-07-24 15:30:00-03:00,BBDC4.SA,18.479999542236328,18.5,18.479999542236328,18.489999771118164,59100,0.0,99.5156073576025
2026-07-24 15:35:00-03:00,BBDC4.SA,18.479999542236328,18.489999771118164,18.459999084472656,18.479999542236328,470100,-0.05408452680165654,99.46178481226936
2026-07-24 15:40:00-03:00,BBDC4.SA,18.479999542236328,18.489999771118164,18.469999313354492,18.469999313354492,96000,-0.054113793991061865,99.40796226693621
2026-07-24 15:45:00-03:00,BBDC4.SA,18.469999313354492,18.5,18.469999313354492,18.489999771118164,347300,0.10828618574560966,99.5156073576025
2026-07-24 15:50:00-03:00,BBDC4.SA,18.5,18.510000228881836,18.479999542236328,18.479999542236328,95100,-0.05408452680165654,99.46178481226936
2026-07-24 15:55:00-03:00,BBDC4.SA,18.479999542236328,18.5,18.469999313354492,18.479999542236328,91300,0.0,99.46178481226936
2026-07-24 16:00:00-03:00,BBDC4.SA,18.489999771118164,18.510000228881836,18.469999313354492,18.5,328000,0.10822758798212373,99.56942990293567
2026-07-24 16:05:00-03:00,BBDC4.SA,18.510000228881836,18.520000457763672,18.5,18.5,60500,0.0,99.56942990293567
2026-07-24 16:10:00-03:00,BBDC4.SA,18.510000228881836,18.510000228881836,18.450000762939453,18.450000762939453,319100,-0.27026614627322365,99.30032744187078
2026-07-24 16:15:00-03:00,BBDC4.SA,18.450000762939453,18.469999313354492,18.450000762939453,18.450000762939453,98100,0.0,99.30032744187078
2026-07-24 16:20:00-03:00,BBDC4.SA,18.459999084472656,18.469999313354492,18.420000076293945,18.420000076293945,135600,-0.16260534094811874,99.13885980587132
2026-07-24 16:25:00-03:00,BBDC4.SA,18.420000076293945,18.440000534057617,18.420000076293945,18.440000534057617,230200,0.1085801177026724,99.24650489653763
2026-07-24 16:30:00-03:00,BBDC4.SA,18.440000534057617,18.450000762939453,18.43000030517578,18.440000534057617,130800,0.0,99.24650489653763
2026-07-24 16:35:00-03:00,BBDC4.SA,18.440000534057617,18.450000762939453,18.43000030517578,18.450000762939453,171400,0.054231174578145414,99.30032744187078
2026-07-24 16:40:00-03:00,BBDC4.SA,18.440000534057617,18.450000762939453,18.43000030517578,18.440000534057617,158800,-0.05420178031604328,99.24650489653763
2026-07-24 16:45:00-03:00,BBDC4.SA,18.450000762939453,18.459999084472656,18.420000076293945,18.43000030517578,262800,-0.054231174578145414,99.19268235120448
2026-07-24 16:50:00-03:00,BBDC4.SA,18.43000030517578,18.459999084472656,18.420000076293945,18.43000030517578,1004000,0.0,99.19268235120448
2026-07-27 10:00:00-03:00,BBDC4.SA,18.649999618530273,18.649999618530273,18.610000610351562,18.6299991607666,0,1.0851809673310342,100.26910246106489
2026-07-27 10:05:00-03:00,BBDC4.SA,18.6200008392334,18.6299991607666,18.579999923706055,18.6200008392334,152000,-0.053667858205053154,100.21529018133259
2026-07-27 10:10:00-03:00,BBDC4.SA,18.6200008392334,18.6299991607666,18.59000015258789,18.600000381469727,76000,-0.10741383921707426,100.1076450906663
2026-07-27 10:15:00-03:00,BBDC4.SA,18.600000381469727,18.6299991607666,18.59000015258789,18.610000610351562,70000,0.05376467030504539,100.16146763599944
2026-07-27 10:20:00-03:00,BBDC4.SA,18.6200008392334,18.639999389648438,18.600000381469727,18.610000610351562,36100,0.0,100.16146763599944
2026-07-27 10:25:00-03:00,BBDC4.SA,18.600000381469727,18.649999618530273,18.600000381469727,18.639999389648438,76600,0.16119708926924936,100.32292500639804
2026-07-27 10:30:00-03:00,BBDC4.SA,18.639999389648438,18.670000076293945,18.600000381469727,18.670000076293945,299400,0.16094789499923046,100.48439264239748
2026-07-27 10:35:00-03:00,BBDC4.SA,18.65999984741211,18.68000030517578,18.649999618530273,18.670000076293945,75200,0.0,100.48439264239748
2026-07-27 10:40:00-03:00,BBDC4.SA,18.670000076293945,18.780000686645508,18.670000076293945,18.729999542236328,337200,0.32136832189180176,100.80731764879552
2026-07-27 10:45:00-03:00,BBDC4.SA,18.729999542236328,18.760000228881836,18.709999084472656,18.75,315900,0.10678301255999667,100.91496273946181
2026-07-27 10:50:00-03:00,BBDC4.SA,18.739999771118164,18.739999771118164,18.65999984741211,18.670000076293945,182600,-0.426666259765629,100.48439264239748
2026-07-27 10:55:00-03:00,BBDC4.SA,18.65999984741211,18.709999084472656,18.65999984741211,18.700000762939453,141600,0.16068926900327796,100.64586027839692
2026-07-27 11:00:00-03:00,BBDC4.SA,18.700000762939453,18.729999542236328,18.65999984741211,18.700000762939453,179300,0.0,100.64586027839692
2026-07-27 11:05:00-03:00,BBDC4.SA,18.690000534057617,18.719999313354492,18.649999618530273,18.700000762939453,241300,0.0,100.64586027839692
2026-07-27 11:10:00-03:00,BBDC4.SA,18.709999084472656,18.719999313354492,18.690000534057617,18.700000762939453,76700,0.0,100.64586027839692
2026-07-27 11:15:00-03:00,BBDC4.SA,18.709999084472656,18.719999313354492,18.690000534057617,18.690000534057617,31300,-0.05347715761410132,100.59203773306378
2026-07-27 11:20:00-03:00,BBDC4.SA,18.690000534057617,18.719999313354492,18.68000030517578,18.690000534057617,163500,0.0,100.59203773306378
2026-07-27 11:25:00-03:00,BBDC4.SA,18.690000534057617,18.709999084472656,18.68000030517578,18.68000030517578,264300,-0.05350577097958942,100.53821518773063
2026-07-27 11:30:00-03:00,BBDC4.SA,18.68000030517578,18.700000762939453,18.670000076293945,18.690000534057617,73100,0.05353441498106015,100.59203773306378
2026-07-27 11:35:00-03:00,BBDC4.SA,18.68000030517578,18.690000534057617,18.649999618530273,18.670000076293945,132400,-0.10701154195916773,100.48439264239748
2026-07-27 11:40:00-03:00,BBDC4.SA,18.68000030517578,18.68000030517578,18.649999618530273,18.65999984741211,107100,-0.05356308966776302,100.43057009706433
2026-07-27 11:45:00-03:00,BBDC4.SA,18.65999984741211,18.700000762939453,18.65999984741211,18.690000534057617,127800,0.16077538526704238,100.59203773306378
2026-07-27 11:50:00-03:00,BBDC4.SA,18.68000030517578,18.719999313354492,18.670000076293945,18.690000534057617,238700,0.0,100.59203773306378
2026-07-27 11:55:00-03:00,BBDC4.SA,18.700000762939453,18.739999771118164,18.700000762939453,18.739999771118164,190300,0.26751864971559236,100.86114019412867
2026-07-27 12:00:00-03:00,BBDC4.SA,18.729999542236328,18.75,18.719999313354492,18.729999542236328,113000,-0.053363014962504174,100.80731764879552
2026-07-27 12:05:00-03:00,BBDC4.SA,18.729999542236328,18.729999542236328,18.690000534057617,18.700000762939453,286200,-0.16016433545140707,100.64586027839692
2026-07-27 12:10:00-03:00,BBDC4.SA,18.690000534057617,18.690000534057617,18.639999389648438,18.65999984741211,240600,-0.2139086304564164,100.43057009706433
2026-07-27 12:15:00-03:00,BBDC4.SA,18.65999984741211,18.670000076293945,18.639999389648438,18.649999618530273,97900,-0.05359179508901413,100.37674755173119
2026-07-27 12:20:00-03:00,BBDC4.SA,18.65999984741211,18.68000030517578,18.649999618530273,18.670000076293945,89000,0.10724106258854782,100.48439264239748
2026-07-27 12:25:00-03:00,BBDC4.SA,18.68000030517578,18.690000534057617,18.670000076293945,18.68000030517578,133200,0.05356308966775192,100.53821518773063
2026-07-27 12:30:00-03:00,BBDC4.SA,18.670000076293945,18.68000030517578,18.670000076293945,18.670000076293945,106800,-0.05353441498106015,100.48439264239748
2026-07-27 12:35:00-03:00,BBDC4.SA,18.670000076293945,18.690000534057617,18.649999618530273,18.68000030517578,267900,0.05356308966775192,100.53821518773063
2026-07-27 12:40:00-03:00,BBDC4.SA,18.690000534057617,18.690000534057617,18.68000030517578,18.690000534057617,44800,0.05353441498106015,100.59203773306378
2026-07-27 12:45:00-03:00,BBDC4.SA,18.690000534057617,18.690000534057617,18.670000076293945,18.68000030517578,50300,-0.05350577097958942,100.53821518773063
2026-07-27 12:50:00-03:00,BBDC4.SA,18.690000534057617,18.700000762939453,18.68000030517578,18.68000030517578,110200,0.0,100.53821518773063
2026-07-27 12:55:00-03:00,BBDC4.SA,18.68000030517578,18.690000534057617,18.670000076293945,18.68000030517578,98300,0.0,100.53821518773063
2026-07-27 13:00:00-03:00,BBDC4.SA,18.68000030517578,18.690000534057617,18.670000076293945,18.690000534057617,59100,0.05353441498106015,100.59203773306378
2026-07-27 13:05:00-03:00,BBDC4.SA,18.690000534057617,18.700000762939453,18.670000076293945,18.68000030517578,69400,-0.05350577097958942,100.53821518773063
2026-07-27 13:10:00-03:00,BBDC4.SA,18.68000030517578,18.690000534057617,18.670000076293945,18.68000030517578,67700,0.0,100.53821518773063
2026-07-27 13:15:00-03:00,BBDC4.SA,18.68000030517578,18.690000534057617,18.649999618530273,18.65999984741211,88700,-0.1070688299621203,100.43057009706433
2026-07-27 13:20:00-03:00,BBDC4.SA,18.65999984741211,18.670000076293945,18.649999618530273,18.649999618530273,90500,-0.05359179508901413,100.37674755173119
2026-07-27 13:25:00-03:00,BBDC4.SA,18.649999618530273,18.729999542236328,18.649999618530273,18.670000076293945,228700,0.10724106258854782,100.48439264239748
2026-07-27 13:30:00-03:00,BBDC4.SA,18.68000030517578,18.719999313354492,18.68000030517578,18.709999084472656,77700,0.21424214255627572,100.69967255812922
2026-07-27 13:35:00-03:00,BBDC4.SA,18.709999084472656,18.709999084472656,18.670000076293945,18.68000030517578,86200,-0.16033554657824967,100.53821518773063
2026-07-27 13:40:00-03:00,BBDC4.SA,18.690000534057617,18.690000534057617,18.65999984741211,18.68000030517578,86200,0.0,100.53821518773063
2026-07-27 13:45:00-03:00,BBDC4.SA,18.68000030517578,18.690000534057617,18.670000076293945,18.68000030517578,409800,0.0,100.53821518773063
2026-07-27 13:50:00-03:00,BBDC4.SA,18.68000030517578,18.68000030517578,18.65999984741211,18.670000076293945,71400,-0.05353441498106015,100.48439264239748
2026-07-27 13:55:00-03:00,BBDC4.SA,18.65999984741211,18.670000076293945,18.65999984741211,18.65999984741211,56500,-0.05356308966776302,100.43057009706433
2026-07-27 14:00:00-03:00,BBDC4.SA,18.670000076293945,18.670000076293945,18.649999618530273,18.649999618530273,74000,-0.05359179508901413,100.37674755173119
2026-07-27 14:05:00-03:00,BBDC4.SA,18.649999618530273,18.670000076293945,18.649999618530273,18.670000076293945,94500,0.10724106258854782,100.48439264239748
2026-07-27 14:10:00-03:00,BBDC4.SA,18.65999984741211,18.68000030517578,18.65999984741211,18.68000030517578,78700,0.05356308966775192,100.53821518773063
2026-07-27 14:15:00-03:00,BBDC4.SA,18.68000030517578,18.68000030517578,18.65999984741211,18.65999984741211,49200,-0.1070688299621203,100.43057009706433
2026-07-27 14:20:00-03:00,BBDC4.SA,18.65999984741211,18.690000534057617,18.65999984741211,18.68000030517578,132000,0.10718359017802825,100.53821518773063
2026-07-27 14:25:00-03:00,BBDC4.SA,18.690000534057617,18.700000762939453,18.68000030517578,18.690000534057617,67600,0.05353441498106015,100.59203773306378
2026-07-27 14:30:00-03:00,BBDC4.SA,18.690000534057617,18.700000762939453,18.68000030517578,18.700000762939453,48500,0.053505770979578315,100.64586027839692
2026-07-27 14:35:00-03:00,BBDC4.SA,18.690000534057617,18.739999771118164,18.690000534057617,18.739999771118164,200900,0.21389843073151837,100.86114019412867
2026-07-27 14:40:00-03:00,BBDC4.SA,18.729999542236328,18.739999771118164,18.709999084472656,18.719999313354492,126300,-0.10672602992501945,100.75349510346237
2026-07-27 14:45:00-03:00,BBDC4.SA,18.719999313354492,18.729999542236328,18.68000030517578,18.690000534057617,204700,-0.16024989528431455,100.59203773306378
2026-07-27 14:50:00-03:00,BBDC4.SA,18.690000534057617,18.739999771118164,18.68000030517578,18.719999313354492,363800,0.16050710775641353,100.75349510346237
2026-07-27 14:55:00-03:00,BBDC4.SA,18.719999313354492,18.729999542236328,18.709999084472656,18.719999313354492,111600,0.0,100.75349510346237
2026-07-27 15:00:00-03:00,BBDC4.SA,18.719999313354492,18.729999542236328,18.709999084472656,18.709999084472656,88200,-0.05342002803762069,100.69967255812922
2026-07-27 15:05:00-03:00,BBDC4.SA,18.709999084472656,18.719999313354492,18.68000030517578,18.700000762939453,252900,-0.05343838600986306,100.64586027839692
2026-07-27 15:10:00-03:00,BBDC4.SA,18.700000762939453,18.700000762939453,18.68000030517578,18.700000762939453,115600,0.0,100.64586027839692
2026-07-27 15:15:00-03:00,BBDC4.SA,18.690000534057617,18.700000762939453,18.68000030517578,18.700000762939453,98800,0.0,100.64586027839692
2026-07-27 15:20:00-03:00,BBDC4.SA,18.700000762939453,18.709999084472656,18.68000030517578,18.700000762939453,140700,0.0,100.64586027839692
2026-07-27 15:25:00-03:00,BBDC4.SA,18.690000534057617,18.719999313354492,18.690000534057617,18.700000762939453,75000,0.0,100.64586027839692
2026-07-27 15:30:00-03:00,BBDC4.SA,18.690000534057617,18.709999084472656,18.690000534057617,18.700000762939453,65700,0.0,100.64586027839692
2026-07-27 15:35:00-03:00,BBDC4.SA,18.690000534057617,18.700000762939453,18.68000030517578,18.690000534057617,105600,-0.05347715761410132,100.59203773306378
2026-07-27 15:40:00-03:00,BBDC4.SA,18.700000762939453,18.719999313354492,18.690000534057617,18.719999313354492,150200,0.16050710775641353,100.75349510346237
2026-07-27 15:45:00-03:00,BBDC4.SA,18.709999084472656,18.729999542236328,18.709999084472656,18.729999542236328,83400,0.05342002803760959,100.80731764879552
2026-07-27 15:50:00-03:00,BBDC4.SA,18.729999542236328,18.739999771118164,18.719999313354492,18.729999542236328,84300,0.0,100.80731764879552
2026-07-27 15:55:00-03:00,BBDC4.SA,18.729999542236328,18.760000228881836,18.719999313354492,18.729999542236328,180900,0.0,100.80731764879552
2026-07-27 16:00:00-03:00,BBDC4.SA,18.739999771118164,18.739999771118164,18.729999542236328,18.729999542236328,45200,0.0,100.80731764879552
2026-07-27 16:05:00-03:00,BBDC4.SA,18.729999542236328,18.739999771118164,18.709999084472656,18.709999084472656,210100,-0.10678301255998557,100.69967255812922
2026-07-27 16:10:00-03:00,BBDC4.SA,18.709999084472656,18.729999542236328,18.709999084472656,18.709999084472656,95000,0.0,100.69967255812922
2026-07-27 16:15:00-03:00,BBDC4.SA,18.709999084472656,18.729999542236328,18.700000762939453,18.719999313354492,186700,0.053448580284198854,100.75349510346237
2026-07-27 16:20:00-03:00,BBDC4.SA,18.719999313354492,18.739999771118164,18.709999084472656,18.729999542236328,125800,0.05342002803760959,100.80731764879552
2026-07-27 16:25:00-03:00,BBDC4.SA,18.719999313354492,18.770000457763672,18.719999313354492,18.729999542236328,511300,0.0,100.80731764879552
2026-07-27 16:30:00-03:00,BBDC4.SA,18.739999771118164,18.760000228881836,18.729999542236328,18.75,165200,0.10678301255999667,100.91496273946181
2026-07-27 16:35:00-03:00,BBDC4.SA,18.739999771118164,18.760000228881836,18.729999542236328,18.739999771118164,191200,-0.05333455403645493,100.86114019412867
2026-07-27 16:40:00-03:00,BBDC4.SA,18.739999771118164,18.780000686645508,18.739999771118164,18.760000228881836,356000,0.10672602992500835,100.96878528479498
2026-07-27 16:45:00-03:00,BBDC4.SA,18.770000457763672,18.809999465942383,18.739999771118164,18.780000686645508,522200,0.10661224690649007,101.07643037546129
2026-07-27 16:50:00-03:00,BBDC4.SA,18.780000686645508,18.799999237060547,18.760000228881836,18.760000228881836,509600,-0.1064987062428302,100.96878528479498
2026-07-28 10:00:00-03:00,BBDC4.SA,18.950000762939453,19.09000015258789,18.920000076293945,19.09000015258789,611000,1.7590614055430942,102.74488821838546
2026-07-28 10:05:00-03:00,BBDC4.SA,19.079999923706055,19.15999984741211,19.059999465942383,19.1200008392334,371100,0.15715393612210082,102.90635585438493
2026-07-28 10:10:00-03:00,BBDC4.SA,19.1200008392334,19.1299991607666,19.0,19.040000915527344,504600,-0.41840962444885665,102.47578575732057
2026-07-28 10:15:00-03:00,BBDC4.SA,19.049999237060547,19.049999237060547,19.020000457763672,19.030000686645508,162000,-0.05252220798834806,102.42196321198742
2026-07-28 10:20:00-03:00,BBDC4.SA,19.020000457763672,19.100000381469727,19.020000457763672,19.049999237060547,206600,0.10508959376482885,102.52959803705286
2026-07-28 10:25:00-03:00,BBDC4.SA,19.059999465942383,19.059999465942383,18.989999771118164,19.020000457763672,181400,-0.1574739133769376,102.36814066665427
2026-07-28 10:30:00-03:00,BBDC4.SA,19.010000228881836,19.040000915527344,18.969999313354492,18.969999313354492,335600,-0.2628871882533024,102.09902793998853
2026-07-28 10:35:00-03:00,BBDC4.SA,18.979999542236328,19.010000228881836,18.899999618530273,18.90999984741211,567700,-0.31628607334815984,101.7761029335905
2026-07-28 10:40:00-03:00,BBDC4.SA,18.899999618530273,18.920000076293945,18.850000381469727,18.8799991607666,203700,-0.15864985133573484,101.61463529759105
2026-07-28 10:45:00-03:00,BBDC4.SA,18.8700008392334,18.8799991607666,18.81999969482422,18.84000015258789,289000,-0.21185916290626938,101.39935538185931
2026-07-28 10:50:00-03:00,BBDC4.SA,18.84000015258789,18.850000381469727,18.780000686645508,18.809999465942383,212000,-0.1592393121153335,101.23788774585987
2026-07-28 10:55:00-03:00,BBDC4.SA,18.809999465942383,18.81999969482422,18.790000915527344,18.799999237060547,59300,-0.05316442937673971,101.18406520052672
2026-07-28 11:00:00-03:00,BBDC4.SA,18.809999465942383,18.829999923706055,18.770000457763672,18.829999923706055,209400,0.15957812693081497,101.34553283652616
2026-07-28 11:05:00-03:00,BBDC4.SA,18.829999923706055,18.850000381469727,18.81999969482422,18.829999923706055,145200,0.0,101.34553283652616
2026-07-28 11:10:00-03:00,BBDC4.SA,18.829999923706055,18.90999984741211,18.829999923706055,18.899999618530273,149000,0.371745592712891,101.72228038825735
2026-07-28 11:15:00-03:00,BBDC4.SA,18.8799991607666,18.889999389648438,18.81999969482422,18.84000015258789,171700,-0.3174574981660738,101.39935538185931
2026-07-28 11:20:00-03:00,BBDC4.SA,18.84000015258789,18.8799991607666,18.81999969482422,18.8799991607666,106200,0.2123089588893512,101.61463529759105
2026-07-28 11:25:00-03:00,BBDC4.SA,18.8700008392334,18.889999389648438,18.829999923706055,18.860000610351562,147700,-0.10592453021183168,101.5070004725256
2026-07-28 11:30:00-03:00,BBDC4.SA,18.850000381469727,18.8799991607666,18.850000381469727,18.860000610351562,117500,0.0,101.5070004725256
2026-07-28 11:35:00-03:00,BBDC4.SA,18.860000610351562,18.8700008392334,18.829999923706055,18.8700008392334,83000,0.053023481220604296,101.56082301785875
2026-07-28 11:40:00-03:00,BBDC4.SA,18.8700008392334,18.8700008392334,18.850000381469727,18.850000381469727,38600,-0.10599076244919292,101.45317792719246
2026-07-28 11:45:00-03:00,BBDC4.SA,18.850000381469727,18.8799991607666,18.850000381469727,18.8700008392334,57000,0.1061032220632363,101.56082301785875
2026-07-28 11:50:00-03:00,BBDC4.SA,18.8799991607666,18.8799991607666,18.860000610351562,18.860000610351562,60800,-0.05299538122459646,101.5070004725256
2026-07-28 11:55:00-03:00,BBDC4.SA,18.860000610351562,18.8799991607666,18.860000610351562,18.860000610351562,92200,0.0,101.5070004725256
2026-07-28 12:00:00-03:00,BBDC4.SA,18.860000610351562,18.8799991607666,18.850000381469727,18.850000381469727,153200,-0.053023481220604296,101.45317792719246
2026-07-28 12:05:00-03:00,BBDC4.SA,18.850000381469727,18.8700008392334,18.84000015258789,18.860000610351562,134500,0.05305161103161815,101.5070004725256
2026-07-28 12:10:00-03:00,BBDC4.SA,18.860000610351562,18.899999618530273,18.84000015258789,18.8700008392334,184500,0.053023481220604296,101.56082301785875
2026-07-28 12:15:00-03:00,BBDC4.SA,18.860000610351562,18.8700008392334,18.829999923706055,18.829999923706055,186400,-0.21198152489837474,101.34553283652616
2026-07-28 12:20:00-03:00,BBDC4.SA,18.84000015258789,18.860000610351562,18.829999923706055,18.84000015258789,146600,0.053107960288656386,101.39935538185931
2026-07-28 12:25:00-03:00,BBDC4.SA,18.829999923706055,18.860000610351562,18.829999923706055,18.84000015258789,120600,0.0,101.39935538185931
2026-07-28 12:30:00-03:00,BBDC4.SA,18.84000015258789,18.8799991607666,18.84000015258789,18.8700008392334,143900,0.15923931211532238,101.56082301785875
2026-07-28 12:35:00-03:00,BBDC4.SA,18.8700008392334,18.8799991607666,18.850000381469727,18.8700008392334,79500,0.0,101.56082301785875
2026-07-28 12:40:00-03:00,BBDC4.SA,18.8700008392334,18.8799991607666,18.8700008392334,18.8799991607666,117700,0.052985273389150045,101.61463529759105
2026-07-28 12:45:00-03:00,BBDC4.SA,18.8799991607666,18.899999618530273,18.8700008392334,18.8799991607666,102600,0.0,101.61463529759105
2026-07-28 12:50:00-03:00,BBDC4.SA,18.889999389648438,18.889999389648438,18.860000610351562,18.8799991607666,136000,0.0,101.61463529759105
2026-07-28 12:55:00-03:00,BBDC4.SA,18.8799991607666,18.90999984741211,18.850000381469727,18.8700008392334,600500,-0.052957213864601727,101.56082301785875
2026-07-28 13:00:00-03:00,BBDC4.SA,18.8700008392334,18.899999618530273,18.860000610351562,18.8799991607666,982800,0.052985273389150045,101.61463529759105
2026-07-28 13:05:00-03:00,BBDC4.SA,18.8700008392334,18.8799991607666,18.850000381469727,18.860000610351562,108500,-0.10592453021183168,101.5070004725256
2026-07-28 13:10:00-03:00,BBDC4.SA,18.860000610351562,18.889999389648438,18.860000610351562,18.8799991607666,153300,0.10603684924623824,101.61463529759105
2026-07-28 13:15:00-03:00,BBDC4.SA,18.889999389648438,18.889999389648438,18.860000610351562,18.860000610351562,147100,-0.10592453021183168,101.5070004725256
2026-07-28 13:20:00-03:00,BBDC4.SA,18.860000610351562,18.8799991607666,18.84000015258789,18.84000015258789,236900,-0.10604696244120859,101.39935538185931
2026-07-28 13:25:00-03:00,BBDC4.SA,18.84000015258789,18.850000381469727,18.84000015258789,18.84000015258789,77900,0.0,101.39935538185931
2026-07-28 13:30:00-03:00,BBDC4.SA,18.84000015258789,18.860000610351562,18.829999923706055,18.850000381469727,249000,0.05307977070510006,101.45317792719246
2026-07-28 13:35:00-03:00,BBDC4.SA,18.850000381469727,18.860000610351562,18.84000015258789,18.84000015258789,247100,-0.05305161103161815,101.39935538185931
2026-07-28 13:40:00-03:00,BBDC4.SA,18.84000015258789,18.860000610351562,18.84000015258789,18.84000015258789,144800,0.0,101.39935538185931
2026-07-28 13:45:00-03:00,BBDC4.SA,18.84000015258789,18.850000381469727,18.790000915527344,18.799999237060547,215600,-0.21231908282043355,101.18406520052672
2026-07-28 13:50:00-03:00,BBDC4.SA,18.799999237060547,18.84000015258789,18.799999237060547,18.829999923706055,74500,0.15957812693081497,101.34553283652616
2026-07-28 13:55:00-03:00,BBDC4.SA,18.829999923706055,18.84000015258789,18.81999969482422,18.84000015258789,127500,0.053107960288656386,101.39935538185931
2026-07-28 14:00:00-03:00,BBDC4.SA,18.84000015258789,18.860000610351562,18.829999923706055,18.850000381469727,119600,0.05307977070510006,101.45317792719246
2026-07-28 14:05:00-03:00,BBDC4.SA,18.850000381469727,18.860000610351562,18.829999923706055,18.84000015258789,62900,-0.05305161103161815,101.39935538185931
2026-07-28 14:10:00-03:00,BBDC4.SA,18.84000015258789,18.860000610351562,18.84000015258789,18.84000015258789,151600,0.0,101.39935538185931
2026-07-28 14:15:00-03:00,BBDC4.SA,18.850000381469727,18.850000381469727,18.81999969482422,18.829999923706055,412300,-0.05307977070511116,101.34553283652616
2026-07-28 14:20:00-03:00,BBDC4.SA,18.829999923706055,18.8700008392334,18.829999923706055,18.84000015258789,174600,0.053107960288656386,101.39935538185931
2026-07-28 14:25:00-03:00,BBDC4.SA,18.84000015258789,18.850000381469727,18.829999923706055,18.829999923706055,58000,-0.05307977070511116,101.34553283652616
2026-07-28 14:30:00-03:00,BBDC4.SA,18.84000015258789,18.850000381469727,18.81999969482422,18.850000381469727,151500,0.10621592057731277,101.45317792719246
2026-07-28 14:35:00-03:00,BBDC4.SA,18.850000381469727,18.850000381469727,18.809999465942383,18.809999465942383,52100,-0.2122064441264726,101.23788774585987
2026-07-28 14:40:00-03:00,BBDC4.SA,18.809999465942383,18.809999465942383,18.790000915527344,18.790000915527344,148900,-0.10631871867540221,101.13025292079443
2026-07-28 14:45:00-03:00,BBDC4.SA,18.799999237060547,18.81999969482422,18.790000915527344,18.809999465942383,121300,0.10643187568188939,101.23788774585987
2026-07-28 14:50:00-03:00,BBDC4.SA,18.809999465942383,18.81999969482422,18.799999237060547,18.809999465942383,55200,0.0,101.23788774585987
2026-07-28 14:55:00-03:00,BBDC4.SA,18.799999237060547,18.81999969482422,18.799999237060547,18.809999465942383,78300,0.0,101.23788774585987
2026-07-28 15:00:00-03:00,BBDC4.SA,18.809999465942383,18.829999923706055,18.799999237060547,18.809999465942383,245000,0.0,101.23788774585987
2026-07-28 15:05:00-03:00,BBDC4.SA,18.809999465942383,18.809999465942383,18.790000915527344,18.809999465942383,112600,0.0,101.23788774585987
2026-07-28 15:10:00-03:00,BBDC4.SA,18.81999969482422,18.81999969482422,18.770000457763672,18.780000686645508,142800,-0.15948314805214192,101.07643037546129
2026-07-28 15:15:00-03:00,BBDC4.SA,18.780000686645508,18.790000915527344,18.770000457763672,18.790000915527344,129400,0.05324935312140955,101.13025292079443
2026-07-28 15:20:00-03:00,BBDC4.SA,18.780000686645508,18.790000915527344,18.780000686645508,18.790000915527344,33200,0.0,101.13025292079443
2026-07-28 15:25:00-03:00,BBDC4.SA,18.780000686645508,18.790000915527344,18.760000228881836,18.760000228881836,152900,-0.1596630398283616,100.96878528479498
2026-07-28 15:30:00-03:00,BBDC4.SA,18.770000457763672,18.799999237060547,18.770000457763672,18.780000686645508,228700,0.10661224690649007,101.07643037546129
2026-07-28 15:35:00-03:00,BBDC4.SA,18.790000915527344,18.790000915527344,18.780000686645508,18.780000686645508,119300,0.0,101.07643037546129
2026-07-28 15:40:00-03:00,BBDC4.SA,18.780000686645508,18.790000915527344,18.770000457763672,18.770000457763672,63400,-0.05324935312140955,101.02260783012812
2026-07-28 15:45:00-03:00,BBDC4.SA,18.780000686645508,18.790000915527344,18.770000457763672,18.780000686645508,97700,0.053277723164346646,101.07643037546129
2026-07-28 15:50:00-03:00,BBDC4.SA,18.770000457763672,18.799999237060547,18.760000228881836,18.790000915527344,279700,0.05324935312140955,101.13025292079443
2026-07-28 15:55:00-03:00,BBDC4.SA,18.790000915527344,18.790000915527344,18.780000686645508,18.780000686645508,117300,-0.053221013276116835,101.07643037546129
2026-07-28 16:00:00-03:00,BBDC4.SA,18.780000686645508,18.790000915527344,18.770000457763672,18.790000915527344,147900,0.05324935312140955,101.13025292079443
2026-07-28 16:05:00-03:00,BBDC4.SA,18.780000686645508,18.790000915527344,18.780000686645508,18.780000686645508,50300,-0.053221013276116835,101.07643037546129
2026-07-28 16:10:00-03:00,BBDC4.SA,18.790000915527344,18.799999237060547,18.780000686645508,18.790000915527344,163800,0.05324935312140955,101.13025292079443
2026-07-28 16:15:00-03:00,BBDC4.SA,18.790000915527344,18.809999465942383,18.780000686645508,18.809999465942383,189600,0.10643187568188939,101.23788774585987
2026-07-28 16:20:00-03:00,BBDC4.SA,18.809999465942383,18.809999465942383,18.780000686645508,18.799999237060547,734800,-0.05316442937673971,101.18406520052672
2026-07-28 16:25:00-03:00,BBDC4.SA,18.799999237060547,18.799999237060547,18.770000457763672,18.790000915527344,224000,-0.053182563505072,101.13025292079443
2026-07-28 16:30:00-03:00,BBDC4.SA,18.790000915527344,18.790000915527344,18.780000686645508,18.790000915527344,251700,0.0,101.13025292079443
2026-07-28 16:35:00-03:00,BBDC4.SA,18.790000915527344,18.790000915527344,18.709999084472656,18.709999084472656,107000,-0.425768106208968,100.69967255812922
2026-07-28 16:40:00-03:00,BBDC4.SA,18.770000457763672,18.770000457763672,18.739999771118164,18.760000228881836,733600,0.26724290142094986,100.96878528479498
2026-07-28 16:45:00-03:00,BBDC4.SA,18.760000228881836,18.780000686645508,18.729999542236328,18.729999542236328,564500,-0.159918370359724,100.80731764879552
2026-07-28 16:50:00-03:00,BBDC4.SA,18.729999542236328,18.75,18.719999313354492,18.729999542236328,635300,0.0,100.80731764879552
2026-07-29 10:00:00-03:00,BBDC4.SA,18.649999618530273,18.65999984741211,18.540000915527344,18.579999923706055,778300,-0.8008522274227658,100.0
2026-07-29 10:05:00-03:00,BBDC4.SA,18.59000015258789,18.610000610351562,18.469999313354492,18.5,531000,-0.43057009706433114,99.56942990293567
2026-07-29 10:10:00-03:00,BBDC4.SA,18.5,18.520000457763672,18.440000534057617,18.450000762939453,330500,-0.27026614627322365,99.30032744187078
2026-07-29 10:15:00-03:00,BBDC4.SA,18.450000762939453,18.5,18.43000030517578,18.469999313354492,251600,0.10839322269953211,99.40796226693621
2026-07-29 10:20:00-03:00,BBDC4.SA,18.459999084472656,18.479999542236328,18.43000030517578,18.450000762939453,255900,-0.1082758590065569,99.30032744187078
2026-07-29 10:25:00-03:00,BBDC4.SA,18.450000762939453,18.479999542236328,18.420000076293945,18.420000076293945,195100,-0.16260534094811874,99.13885980587132
2026-07-29 10:30:00-03:00,BBDC4.SA,18.440000534057617,18.549999237060547,18.440000534057617,18.489999771118164,322400,0.3800200571894008,99.5156073576025
2026-07-29 10:35:00-03:00,BBDC4.SA,18.489999771118164,18.56999969482422,18.479999542236328,18.56999969482422,145500,0.4326658988444976,99.94617745466685
2026-07-29 10:40:00-03:00,BBDC4.SA,18.56999969482422,18.56999969482422,18.510000228881836,18.510000228881836,88200,-0.323098906453434,99.62325244826881
2026-07-29 10:45:00-03:00,BBDC4.SA,18.520000457763672,18.530000686645508,18.479999542236328,18.510000228881836,202700,0.0,99.62325244826881
2026-07-29 10:50:00-03:00,BBDC4.SA,18.510000228881836,18.510000228881836,18.440000534057617,18.459999084472656,240900,-0.27013043647163837,99.35413972160306
2026-07-29 10:55:00-03:00,BBDC4.SA,18.459999084472656,18.469999313354492,18.399999618530273,18.420000076293945,595800,-0.21667936166018809,99.13885980587132
2026-07-29 11:00:00-03:00,BBDC4.SA,18.43000030517578,18.469999313354492,18.399999618530273,18.440000534057617,457500,0.1085801177026724,99.24650489653763
2026-07-29 11:05:00-03:00,BBDC4.SA,18.440000534057617,18.459999084472656,18.420000076293945,18.440000534057617,94700,0.0,99.24650489653763
2026-07-29 11:10:00-03:00,BBDC4.SA,18.450000762939453,18.469999313354492,18.40999984741211,18.420000076293945,355400,-0.10846234915629083,99.13885980587132
2026-07-29 11:15:00-03:00,BBDC4.SA,18.420000076293945,18.450000762939453,18.40999984741211,18.450000762939453,167800,0.1628701765540086,99.30032744187078
2026-07-29 11:20:00-03:00,BBDC4.SA,18.450000762939453,18.459999084472656,18.43000030517578,18.450000762939453,93200,0.0,99.30032744187078
2026-07-29 11:25:00-03:00,BBDC4.SA,18.450000762939453,18.459999084472656,18.440000534057617,18.440000534057617,91900,-0.05420178031604328,99.24650489653763
2026-07-29 11:30:00-03:00,BBDC4.SA,18.440000534057617,18.450000762939453,18.399999618530273,18.440000534057617,567700,0.0,99.24650489653763
2026-07-29 11:35:00-03:00,BBDC4.SA,18.43000030517578,18.440000534057617,18.399999618530273,18.43000030517578,655900,-0.054231174578145414,99.19268235120448
2026-07-29 11:40:00-03:00,BBDC4.SA,18.420000076293945,18.440000534057617,18.389999389648438,18.399999618530273,490300,-0.16278180221778182,99.03121471520502
2026-07-29 11:45:00-03:00,BBDC4.SA,18.40999984741211,18.43000030517578,18.399999618530273,18.420000076293945,233400,0.10869814227350005,99.13885980587132
2026-07-29 11:50:00-03:00,BBDC4.SA,18.420000076293945,18.440000534057617,18.40999984741211,18.440000534057617,47600,0.1085801177026724,99.24650489653763
2026-07-29 11:55:00-03:00,BBDC4.SA,18.43000030517578,18.440000534057617,18.40999984741211,18.440000534057617,64400,0.0,99.24650489653763
2026-07-29 12:00:00-03:00,BBDC4.SA,18.43000030517578,18.440000534057617,18.40999984741211,18.420000076293945,49300,-0.10846234915629083,99.13885980587132
2026-07-29 12:05:00-03:00,BBDC4.SA,18.420000076293945,18.450000762939453,18.40999984741211,18.440000534057617,94800,0.1085801177026724,99.24650489653763
2026-07-29 12:10:00-03:00,BBDC4.SA,18.440000534057617,18.479999542236328,18.440000534057617,18.459999084472656,104700,0.10845200561737656,99.35413972160306
2026-07-29 12:15:00-03:00,BBDC4.SA,18.459999084472656,18.469999313354492,18.450000762939453,18.450000762939453,79900,-0.05416209116506643,99.30032744187078
2026-07-29 12:20:00-03:00,BBDC4.SA,18.450000762939453,18.469999313354492,18.43000030517578,18.459999084472656,191000,0.05419144238349993,99.35413972160306
2026-07-29 12:25:00-03:00,BBDC4.SA,18.459999084472656,18.479999542236328,18.450000762939453,18.459999084472656,190300,0.0,99.35413972160306
2026-07-29 12:30:00-03:00,BBDC4.SA,18.459999084472656,18.479999542236328,18.450000762939453,18.459999084472656,153100,0.0,99.35413972160306
2026-07-29 12:35:00-03:00,BBDC4.SA,18.459999084472656,18.469999313354492,18.440000534057617,18.440000534057617,205000,-0.10833451466344401,99.24650489653763
2026-07-29 12:40:00-03:00,BBDC4.SA,18.440000534057617,18.440000534057617,18.399999618530273,18.399999618530273,132800,-0.21692469831258165,99.03121471520502
2026-07-29 12:45:00-03:00,BBDC4.SA,18.40999984741211,18.420000076293945,18.399999618530273,18.40999984741211,64700,0.05434907113675003,99.08503726053817
2026-07-29 12:50:00-03:00,BBDC4.SA,18.40999984741211,18.420000076293945,18.399999618530273,18.420000076293945,76800,0.054319548966441644,99.13885980587132
2026-07-29 12:55:00-03:00,BBDC4.SA,18.40999984741211,18.420000076293945,18.399999618530273,18.399999618530273,45200,-0.1085801177026724,99.03121471520502
2026-07-29 13:00:00-03:00,BBDC4.SA,18.40999984741211,18.420000076293945,18.389999389648438,18.389999389648438,159000,-0.05434907113675003,98.97739216987188
2026-07-29 13:05:00-03:00,BBDC4.SA,18.399999618530273,18.40999984741211,18.3799991607666,18.3799991607666,116500,-0.05437862541455285,98.92356962453873
2026-07-29 13:10:00-03:00,BBDC4.SA,18.389999389648438,18.389999389648438,18.360000610351562,18.3700008392334,157100,-0.054397834546937585,98.86975734480644
2026-07-29 13:15:00-03:00,BBDC4.SA,18.3700008392334,18.3799991607666,18.360000610351562,18.3799991607666,49700,0.054427441896742756,98.92356962453873
2026-07-29 13:20:00-03:00,BBDC4.SA,18.3700008392334,18.399999618530273,18.3700008392334,18.3799991607666,484600,0.0,98.92356962453873
2026-07-29 13:25:00-03:00,BBDC4.SA,18.389999389648438,18.399999618530273,18.3799991607666,18.399999618530273,86200,0.10881642370454969,99.03121471520502
2026-07-29 13:30:00-03:00,BBDC4.SA,18.389999389648438,18.399999618530273,18.3799991607666,18.3799991607666,141500,-0.10869814227348895,98.92356962453873
2026-07-29 13:35:00-03:00,BBDC4.SA,18.3799991607666,18.399999618530273,18.3700008392334,18.399999618530273,103000,0.10881642370454969,99.03121471520502
2026-07-29 13:40:00-03:00,BBDC4.SA,18.399999618530273,18.40999984741211,18.3799991607666,18.399999618530273,246600,0.0,99.03121471520502
2026-07-29 13:45:00-03:00,BBDC4.SA,18.40999984741211,18.40999984741211,18.3799991607666,18.389999389648438,88500,-0.05434907113675003,98.97739216987188
2026-07-29 13:50:00-03:00,BBDC4.SA,18.3799991607666,18.389999389648438,18.360000610351562,18.3799991607666,85500,-0.05437862541455285,98.92356962453873
2026-07-29 13:55:00-03:00,BBDC4.SA,18.389999389648438,18.399999618530273,18.3799991607666,18.389999389648438,87800,0.054408211852274846,98.97739216987188
2026-07-29 14:00:00-03:00,BBDC4.SA,18.389999389648438,18.389999389648438,18.360000610351562,18.3799991607666,103600,-0.05437862541455285,98.92356962453873
2026-07-29 14:05:00-03:00,BBDC4.SA,18.3700008392334,18.3799991607666,18.360000610351562,18.3700008392334,71000,-0.054397834546937585,98.86975734480644
2026-07-29 14:10:00-03:00,BBDC4.SA,18.3700008392334,18.389999389648438,18.360000610351562,18.389999389648438,117500,0.10886526674689367,98.97739216987188
2026-07-29 14:15:00-03:00,BBDC4.SA,18.389999389648438,18.389999389648438,18.3700008392334,18.389999389648438,79400,0.0,98.97739216987188
2026-07-29 14:20:00-03:00,BBDC4.SA,18.389999389648438,18.399999618530273,18.3799991607666,18.389999389648438,49600,0.0,98.97739216987188
2026-07-29 14:25:00-03:00,BBDC4.SA,18.389999389648438,18.389999389648438,18.3700008392334,18.389999389648438,84400,0.0,98.97739216987188
2026-07-29 14:30:00-03:00,BBDC4.SA,18.389999389648438,18.389999389648438,18.360000610351562,18.3799991607666,145000,-0.05437862541455285,98.92356962453873
2026-07-29 14:35:00-03:00,BBDC4.SA,18.3700008392334,18.3799991607666,18.360000610351562,18.3700008392334,98700,-0.054397834546937585,98.86975734480644
2026-07-29 14:40:00-03:00,BBDC4.SA,18.3799991607666,18.399999618530273,18.3700008392334,18.389999389648438,67600,0.10886526674689367,98.97739216987188
2026-07-29 14:45:00-03:00,BBDC4.SA,18.399999618530273,18.399999618530273,18.360000610351562,18.3799991607666,367000,-0.05437862541455285,98.92356962453873
2026-07-29 14:50:00-03:00,BBDC4.SA,18.3700008392334,18.3799991607666,18.360000610351562,18.3799991607666,166200,0.0,98.92356962453873
2026-07-29 14:55:00-03:00,BBDC4.SA,18.3700008392334,18.399999618530273,18.360000610351562,18.399999618530273,102500,0.10881642370454969,99.03121471520502
2026-07-29 15:00:00-03:00,BBDC4.SA,18.399999618530273,18.459999084472656,18.399999618530273,18.440000534057617,798800,0.2173962845469779,99.24650489653763
2026-07-29 15:05:00-03:00,BBDC4.SA,18.440000534057617,18.440000534057617,18.399999618530273,18.40999984741211,205900,-0.16269352373443624,99.08503726053817
2026-07-29 15:10:00-03:00,BBDC4.SA,18.40999984741211,18.43000030517578,18.399999618530273,18.40999984741211,79200,0.0,99.08503726053817
2026-07-29 15:15:00-03:00,BBDC4.SA,18.40999984741211,18.43000030517578,18.389999389648438,18.389999389648438,137100,-0.10863909793287219,98.97739216987188
2026-07-29 15:20:00-03:00,BBDC4.SA,18.40999984741211,18.40999984741211,18.3799991607666,18.3799991607666,59200,-0.05437862541455285,98.92356962453873
2026-07-29 15:25:00-03:00,BBDC4.SA,18.3799991607666,18.40999984741211,18.3700008392334,18.399999618530273,189000,0.10881642370454969,99.03121471520502
2026-07-29 15:30:00-03:00,BBDC4.SA,18.399999618530273,18.420000076293945,18.3700008392334,18.399999618530273,138000,0.0,99.03121471520502
2026-07-29 15:35:00-03:00,BBDC4.SA,18.389999389648438,18.440000534057617,18.3799991607666,18.440000534057617,315800,0.2173962845469779,99.24650489653763
2026-07-29 15:40:00-03:00,BBDC4.SA,18.440000534057617,18.459999084472656,18.420000076293945,18.450000762939453,252000,0.054231174578145414,99.30032744187078
2026-07-29 15:45:00-03:00,BBDC4.SA,18.459999084472656,18.510000228881836,18.450000762939453,18.510000228881836,474500,0.325200343963683,99.62325244826881
2026-07-29 15:50:00-03:00,BBDC4.SA,18.5,18.520000457763672,18.489999771118164,18.520000457763672,214100,0.05402608729432323,99.67707499360196
2026-07-29 15:55:00-03:00,BBDC4.SA,18.520000457763672,18.530000686645508,18.489999771118164,18.520000457763672,163100,0.0,99.67707499360196
2026-07-29 16:00:00-03:00,BBDC4.SA,18.520000457763672,18.540000915527344,18.469999313354492,18.489999771118164,451800,-0.16199074462188712,99.5156073576025
2026-07-29 16:05:00-03:00,BBDC4.SA,18.489999771118164,18.5,18.450000762939453,18.450000762939453,293600,-0.21632779163789362,99.30032744187078
2026-07-29 16:10:00-03:00,BBDC4.SA,18.450000762939453,18.479999542236328,18.450000762939453,18.459999084472656,301500,0.05419144238349993,99.35413972160306
2026-07-29 16:15:00-03:00,BBDC4.SA,18.459999084472656,18.489999771118164,18.459999084472656,18.479999542236328,257000,0.10834484699673297,99.46178481226936
2026-07-29 16:20:00-03:00,BBDC4.SA,18.479999542236328,18.479999542236328,18.40999984741211,18.420000076293945,292500,-0.3246724427955372,99.13885980587132
2026-07-29 16:25:00-03:00,BBDC4.SA,18.40999984741211,18.420000076293945,18.389999389648438,18.399999618530273,271700,-0.1085801177026724,99.03121471520502
2026-07-29 16:30:00-03:00,BBDC4.SA,18.399999618530273,18.43000030517578,18.360000610351562,18.389999389648438,395800,-0.05434907113675003,98.97739216987188
2026-07-29 16:35:00-03:00,BBDC4.SA,18.3799991607666,18.40999984741211,18.3700008392334,18.3799991607666,356900,-0.05437862541455285,98.92356962453873
2026-07-29 16:40:00-03:00,BBDC4.SA,18.3700008392334,18.399999618530273,18.3700008392334,18.389999389648438,236700,0.054408211852274846,98.97739216987188
2026-07-29 16:45:00-03:00,BBDC4.SA,18.3799991607666,18.399999618530273,18.3700008392334,18.3799991607666,319300,-0.05437862541455285,98.92356962453873
2026-07-29 16:50:00-03:00,BBDC4.SA,18.3799991607666,18.40999984741211,18.360000610351562,18.3700008392334,1272900,-0.054397834546937585,98.86975734480644
2026-07-30 10:05:00-03:00,BBDC4.SA,17.979999542236328,17.989999771118164,17.8700008392334,17.899999618530273,1476500,-2.5585258531906407,96.34014904215272
2026-07-30 10:10:00-03:00,BBDC4.SA,17.8799991607666,17.899999618530273,17.719999313354492,17.770000457763672,2797400,-0.7262523102627649,95.6404764840235
2026-07-30 10:15:00-03:00,BBDC4.SA,17.780000686645508,17.84000015258789,17.739999771118164,17.829999923706055,1308200,0.3376447067910515,95.96340149042153
2026-07-30 10:20:00-03:00,BBDC4.SA,17.84000015258789,17.8700008392334,17.809999465942383,17.850000381469727,2230400,0.11217306701767349,96.07104658108783
2026-07-30 10:25:00-03:00,BBDC4.SA,17.850000381469727,17.959999084472656,17.81999969482422,17.899999618530273,1862100,0.28010776466118603,96.34014904215272
2026-07-30 10:30:00-03:00,BBDC4.SA,17.90999984741211,18.030000686645508,17.889999389648438,17.959999084472656,2775100,0.33519255430749517,96.66307404855074
2026-07-30 10:35:00-03:00,BBDC4.SA,17.969999313354492,17.989999771118164,17.90999984741211,17.959999084472656,2159800,0.0,96.66307404855074
2026-07-30 10:40:00-03:00,BBDC4.SA,17.979999542236328,17.979999542236328,17.8799991607666,17.889999389648438,2243900,-0.38975333180688576,96.28632649681957
2026-07-30 10:45:00-03:00,BBDC4.SA,17.899999618530273,17.940000534057617,17.8700008392334,17.889999389648438,964200,0.0,96.28632649681957
2026-07-30 10:50:00-03:00,BBDC4.SA,17.90999984741211,17.940000534057617,17.889999389648438,17.90999984741211,208500,0.1117968610733655,96.39397158748586
2026-07-30 10:55:00-03:00,BBDC4.SA,17.90999984741211,18.030000686645508,17.899999618530273,18.020000457763672,1061800,0.6141854343312936,96.98600932054966
2026-07-30 11:00:00-03:00,BBDC4.SA,18.030000686645508,18.049999237060547,18.010000228881836,18.040000915527344,1059200,0.11099032883239435,97.09365441121595
2026-07-30 11:05:00-03:00,BBDC4.SA,18.040000915527344,18.049999237060547,18.0,18.040000915527344,1151900,0.0,97.09365441121595
2026-07-30 11:10:00-03:00,BBDC4.SA,18.040000915527344,18.06999969482422,18.020000457763672,18.06999969482422,385200,0.16629034243038632,97.25511178161453
2026-07-30 11:15:00-03:00,BBDC4.SA,18.059999465942383,18.110000610351562,18.040000915527344,18.110000610351562,961200,0.2213664427388018,97.47040196294714
2026-07-30 11:20:00-03:00,BBDC4.SA,18.110000610351562,18.170000076293945,18.110000610351562,18.139999389648438,424700,0.1656475885468911,97.63185933334572
2026-07-30 11:25:00-03:00,BBDC4.SA,18.139999389648438,18.15999984741211,18.100000381469727,18.139999389648438,738500,0.0,97.63185933334572
2026-07-30 11:30:00-03:00,BBDC4.SA,18.139999389648438,18.139999389648438,18.1200008392334,18.1200008392334,146700,-0.11024559585405269,97.52422450828028
2026-07-30 11:35:00-03:00,BBDC4.SA,18.139999389648438,18.170000076293945,18.1299991607666,18.170000076293945,1462900,0.2759339665828753,97.79332696934517
2026-07-30 11:40:00-03:00,BBDC4.SA,18.15999984741211,18.170000076293945,18.1299991607666,18.139999389648438,246900,-0.16511109807120228,97.63185933334572
2026-07-30 11:45:00-03:00,BBDC4.SA,18.139999389648438,18.170000076293945,18.110000610351562,18.149999618530273,508800,0.05512805522773778,97.68568187867888
